Title,URL,Genre,Plays,Plays for sorting,Publish Date
Tall Man Run,https://www.youtube.com/playables/UgkxWYxG29y8GASEQHhWfPBFlUdwNwfCQEUK,Action,101 million plays,101000000,20 Feb 2024
Build a Queen,https://www.youtube.com/playables/UgkxyKs3Ve_RG1PMcTKDbdNtSTCmpKj2kDKj,Racing,86 million plays,86000000,20 May 2025
Thief Puzzle,https://www.youtube.com/playables/UgkxF2j4WnOR1kzNBZ1mbhjKyEGLxfAWiOw8,Brain and puzzle,85 million plays,85000000,13 Aug 2024
Stealth Master,https://www.youtube.com/playables/UgkxAa2Gygx3bQRx4kOraVwUFW_3mO1tH0h5,Action,84 million plays,84000000,18 Apr 2024
Snake Clash!,https://www.youtube.com/playables/UgkxEAXMNyB3s1vlIhf7swiCR-shfkYOw2wv,Arcade,82 million plays,82000000,12 Aug 2025
Race Master 3D,https://www.youtube.com/playables/Ugkxk2s909MfhKr5zKwZUPbZdgwXin8tKptu,Racing,79 million plays,79000000,8 Oct 2024
Dessert DIY,https://www.youtube.com/playables/Ugkx5iFcTcmiJFaj-5nMnXmpDh0cqrH3lTxi,Simulation,78 million plays,78000000,25 Jun 2024
Going Balls,https://www.youtube.com/playables/UgkxUP2ow18nGLszSTR08Kg8z1RU1cGNUY_5,Action,74 million plays,74000000,17 Dec 2025
Phone Case DIY,https://www.youtube.com/playables/UgkxTls1MPPPa7ODjUGvnFvPuid7AcanM1Oe,Simulation,63 million plays,63000000,14 May 2024
Hide N Seek,https://www.youtube.com/playables/UgkxgpLJNCNUkCXRVD5HrDZfOHqxtJAX5zET,Action,63 million plays,63000000,30 Apr 2024
Magic Tiles 3,https://www.youtube.com/playables/UgkxBkQcOMCckLj1QkHkxCjjU4JekPgdNsBo,Multiplayer,62 million plays,62000000,
Bridge Race,https://www.youtube.com/playables/UgkxytGBPWPaTj-4F9cRGT8X1JB-j_mbFsN4,Racing,58 million plays,58000000,17 Sept 2024
Hole.io,https://www.youtube.com/playables/UgkxQ-N_EoDel6nf1kv88iwStYkdw2fqekH1,Arcade,57 million plays,57000000,5 Nov 2025
Skincare Time: Makeover ASMR,https://www.youtube.com/playables/Ugkxg8pGToFkef0ZZS87GFq6y0rtCdwJy3MY,Brain and puzzle,57 million plays,57000000,7 May 2025
My Mini Mart,https://www.youtube.com/playables/Ugkxto-OwJZo4rm8Xl2Nj3K403nHlYThf-sr,Simulation,52 million plays,52000000,17 Sept 2024
Sculpt People,https://www.youtube.com/playables/Ugkxe73dhfx91DQ3kG2ARebAOoDSFbSfHv2p,Simulation,49 million plays,49000000,28 May 2024
Supreme Duelist,https://www.youtube.com/playables/UgkxW9qK0UbiouOvSOGkOqC2YPpNmDHgYeQJ,Action,48 million plays,48000000,24 Sept 2024
Color Page ASMR,https://www.youtube.com/playables/UgkxnOvRlIZp-uwV0MhCvN54gukpFctesXu9,Simulation,48 million plays,48000000,9 Jan 2024
Find the Alien,https://www.youtube.com/playables/UgkxX6Rxp43A1J4Lsd-8w9nQnYsj7ZcupfRe,Action,45 million plays,45000000,2 Apr 2024
DOP 4: Draw One Part,https://www.youtube.com/playables/UgkxymTaeEEmPY8v-X36S3PtqbEy8v-m5f1f,Brain and puzzle,41 million plays,41000000,30 Jan 2024
Aquapark.io,https://www.youtube.com/playables/UgkxUJ0DLDpCU23dGI-CzZrHFUK60Iz5n7zh,Racing,38 million plays,38000000,15 Jul 2025
Fork N Sausage,https://www.youtube.com/playables/UgkxJ8HhUksjxAC3No1GfRoBLFLYc8SsLLVv,Arcade,37 million plays,37000000,28 May 2024
Save The Pets,https://www.youtube.com/playables/UgkxRJM_UQffOTWCkiLTJZUZstzIX0ciqi08,Brain and puzzle,35 million plays,35000000,27 Jan 2026
Decor Life - Home Design Game,https://www.youtube.com/playables/UgkxW0zdrtok4czk5IE1sj4MTiaFk45aHfwF,Simulation,Home Design Game – 35 million plays,35000000,25 Jul 2024
Emoji Puzzle,https://www.youtube.com/playables/Ugkx0VoVYc2DncpX5jR5KaUKr_W9rsz8VidL,Brain and puzzle,35 million plays,35000000,12 Mar 2024
DOP 2: Delete One Part,https://www.youtube.com/playables/UgkxlufHVt8aPZZBGb7fCMVnfJsbuZpAdjZQ,Brain and puzzle,33 million plays,33000000,21 May 2024
Fashion Battle,https://www.youtube.com/playables/UgkxBmXJ3VmnS1JrSRApV-p7oOCh4DNo-nr9,Brain and puzzle,32 million plays,32000000,24 Sept 2024
Vehicle Masters,https://www.youtube.com/playables/UgkxUFb1ZqJ_UC0bt-Oy52EIsHEHSQcWhwBP,Simulation,30 million plays,30000000,30 Sept 2025
Zoo - Happy Animals,https://www.youtube.com/playables/UgkxQ93xbDxQOKBFHRxevZRTHAWXkAOprPGK,Simulation,Happy Animals – 29 million plays,29000000,23 Apr 2024
State.io,https://www.youtube.com/playables/Ugkxl5VAVrIKHF5GRmanrMwq2VtumP3V6uOw,Action,29 million plays,29000000,15 Aug 2023
Prison Life: Idle Game,https://www.youtube.com/playables/UgkxbJmo-BsM4vhOteVyDMA5FMwfXdGVg_ZQ,Arcade,27 million plays,27000000,23 Jul 2025
Sword Play,https://www.youtube.com/playables/UgkxFQtI21tiK7V0FmAFLgU2Ew2ZUwqhN9KU,Action,27 million plays,27000000,2 Jul 2024
Draw Climber,https://www.youtube.com/playables/UgkxYXA6kHXmgzTxbWijhtAfQUSRsipYkuKm,Racing,27 million plays,27000000,28 Nov 2023
Hill Climb Racing Lite,https://www.youtube.com/playables/UgkxySxYCWeSMlXxcw_rKRsSAd2YaUTvzWLB,Racing,26 million plays,26000000,8 Oct 2024
Solar Smash,https://www.youtube.com/playables/Ugkxqz_ywJ99rS8RBo5hDACBQaUFvlPKmkZi,Simulation,25 million plays,25000000,8 Jul 2025
Drawing Carnival,https://www.youtube.com/playables/UgkxtQ_026sV0QUSYE0IJfl9Iov1Ol5mkPo_,Simulation,25 million plays,25000000,6 Aug 2024
Flow Legends,https://www.youtube.com/playables/UgkxENp8UiOiH6UhnUWC7p0Nz6SuKDbkIu35,Brain and puzzle,25 million plays,25000000,14 May 2024
Dig Deep,https://www.youtube.com/playables/Ugkx6yIZ8d_l2uFN_wlC3sKxCbdpDtkVMG2-,Action,25 million plays,25000000,7 May 2024
Slice It All!,https://www.youtube.com/playables/UgkxL3SoK1bXuffeVzvH1UPMHuz0YH2AYn_l,Arcade,25 million plays,25000000,5 Apr 2024
Running Pet Dec Room,https://www.youtube.com/playables/UgkxSn6arpQ-bwXk8YOEjg-y0JFVHzfucj16,Action,25 million plays,25000000,13 Feb 2024
BlockDrop,https://www.youtube.com/playables/UgkxgXYOIm4FNBLx2Pqcsm2uLVNL6-yY9JxN,Brain and puzzle,25 million plays,25000000,6 Feb 2024
Turbo Stars,https://www.youtube.com/playables/Ugkx8eqwWlf7fJiVSU7f7LL62Vp0cucAs3a-,Racing,25 million plays,25000000,16 Jan 2024
Cat Escape,https://www.youtube.com/playables/UgkxsUoo0b5nMQGyozuMQ7H25m52OWmJquQJ,Brain and puzzle,24 million plays,24000000,27 May 2025
Scooter Xtreme,https://www.youtube.com/playables/UgkxeIG5erzthQsBVVs1sCMhJTrLdLAb7v5c,Racing,24 million plays,24000000,7 Jun 2023
Epic Plane Evolution,https://www.youtube.com/playables/UgkxcT8M5bNG1kGoKdTlFWee_ugvWJhkkT-Y,Simulation,23 million plays,23000000,3 Sept 2025
Parking Rush,https://www.youtube.com/playables/UgkxcSxLjNYf58a2lLk63i35dludNosUUk3K,Brain and puzzle,23 million plays,23000000,4 Feb 2025
Color Water Sort 3D,https://www.youtube.com/playables/Ugkxt5LdUBSZPWDLNRcH-IDpCRYXlBSRbTdh,Brain and puzzle,23 million plays,23000000,19 Nov 2024
Color Match,https://www.youtube.com/playables/UgkxK2uVzxmj4-7yUnbU8mSs0hX9XwdGZ_Pd,Brain and puzzle,23 million plays,23000000,30 Jan 2024
Goods Puzzle: Sort Challenge,https://www.youtube.com/playables/Ugkxq_6XlcO-sE5jjnkzjoSLjy3oJ3y85-zP,Brain and puzzle,22 million plays,22000000,22 Apr 2025
Attack Hole,https://www.youtube.com/playables/UgkxilX40LwBis1WdtTChkyvueeqxud-mNy2,Arcade,22 million plays,22000000,30 Jul 2024
Cut The Rope,https://www.youtube.com/playables/Ugkx2d5qQg5_Snq2mIm4BC1tyrHkdS_2daYs,Brain and puzzle,21 million plays,21000000,19 Dec 2023
Words of Wonders,https://www.youtube.com/playables/UgkxPFCtv4YicBUoaAB3qI5p2_k96YzBpj0x,Trivia and word,21 million plays,21000000,15 Aug 2023
Man Runner 2048,https://www.youtube.com/playables/UgkxZBdWfRoOpQnokWIlyRNIBk3Jsi5RqQkS,Arcade,20 million plays,20000000,3 Mar 2026
Ice Cream Inc - ASMR - DYI,https://www.youtube.com/playables/UgkxiyDQJxIRSjbRuUV--DGv4pUKo8BmwHKG,Simulation,ASMR - DYI – 20 million plays,20000000,15 Oct 2025
Clean It: Restaurant Cleanup,https://www.youtube.com/playables/Ugkxg96n-JiNmJPfquVuY_zjQIMTHmqs7qxu,Simulation,20 million plays,20000000,5 Aug 2025
Parking Jam,https://www.youtube.com/playables/UgkxMVLzbQGSlLO1s24n9iT4vMJHaGz7jpqA,Brain and puzzle,20 million plays,20000000,22 Oct 2024
Om Nom Run,https://www.youtube.com/playables/UgkxiSWh_UPnG4BImBX7gI3KVDLxT2Wm1PiJ,Arcade,20 million plays,20000000,15 Aug 2023
Basket Battle,https://www.youtube.com/playables/Ugkx1s2VGH_7yX41k3D3p_aLeqBqZ2DGF9hf,Sport,19 million plays,19000000,10 Sept 2024
Epic Sword Battle! Fight in the Ragdoll Arena!,https://www.youtube.com/playables/Ugkx8926kBIRXQu-7myzP9rC4cN9K8SB5QBK,Action,19 million plays,19000000,3 Mar 2026
AMAZE!,https://www.youtube.com/playables/UgkxUoLrmZDFP9DVVq0Jb4Ty3Afx80bBUovv,Brain and puzzle,19 million plays,19000000,19 Dec 2023
Stacky Dash,https://www.youtube.com/playables/UgkxabnI9-EeP8kkKimFtn-IAclqyQFmK_j0,Brain and puzzle,18 million plays,18000000,3 Sept 2024
Fun Ragdoll Challenge! Mini Games Collection!,https://www.youtube.com/playables/Ugkx-_QJ2yCImDxMRuTVuA3uM5Ar2v0MtLd2,Simulation,18 million plays,18000000,30 Apr 2026
Fashion Princess - Dress Up for Girls,https://www.youtube.com/playables/Ugkx_p25Xqeotr9vvgJgXKFl5ms3sAZfdt7j,Simulation,Dress Up for Girls – 18 million plays,18000000,24 Mar 2026
Coffee Stack,https://www.youtube.com/playables/UgkxY1ZmyWZ-77lAOKR9uCQsOKe5v3fkIVl0,Racing,18 million plays,18000000,22 Oct 2025
Paper.io 2,https://www.youtube.com/playables/UgkxJuWC7NuXgP2-g3P5wL-wQilDuI81Plyd,Arcade,18 million plays,18000000,27 Aug 2024
Bazooka Boy,https://www.youtube.com/playables/UgkxMYb8szzWt5VeS7WoQoXGi1NE6p3GWsYM,Action,18 million plays,18000000,27 Feb 2024
Mob Control HTML5,https://www.youtube.com/playables/UgkxkE_F3Vax51gnZbVhyiD-NdmIZYf5-dP5,Action,18 million plays,18000000,23 Jan 2024
8 Ball Billiards Classic,https://www.youtube.com/playables/UgkxrMWCETUzrZskkwqOywiZZ-xjKNjqR5YQ,Sport,18 million plays,18000000,15 Aug 2023
Farm Land,https://www.youtube.com/playables/Ugkxsk_eNi3xerLPa1SuoUIftBIWxzlTCbAN,Simulation,17 million plays,17000000,28 Sept 2023
Pou,https://www.youtube.com/playables/UgkxILTVS0T0qsRorQmdd1OhPDkCI4cinIiu,Simulation,17 million plays,17000000,12 Nov 2024
Lunch Box Ready,https://www.youtube.com/playables/UgkxIVn1k9VWWC8SuuRYORPew8ByV7KJhUFp,Simulation,17 million plays,17000000,30 Apr 2024
Draw Bridge — Brain Game,https://www.youtube.com/playables/Ugkx1kIk5VWSM6C-fsFy2F98Lf1fc3ZNlBqI,Brain and puzzle,16 million plays,16000000,27 Apr 2026
Satisdom,https://www.youtube.com/playables/Ugkx9AqIHXEy1VSmCJWSj5oWo4rJliZUgNPX,Brain and puzzle,16 million plays,16000000,7 Jan 2025
Knock'em All,https://www.youtube.com/playables/UgkxR7Y74YsCcDK04Jggq9fDR2wRhviu8F9_,Action,16 million plays,16000000,19 Dec 2023
Stack Bounce,https://www.youtube.com/playables/UgkxHHtsak1SC8mRGHMZewc4HzeAY3yhPPmJ,Arcade,16 million plays,16000000,15 Jun 2023
Bottle Jump 3D,https://www.youtube.com/playables/UgkxNJ1SJnFCVoE_CE7Iv8kAyra-6TVcT33N,Action,15 million plays,15000000,30 Jul 2024
Find the Vampire,https://www.youtube.com/playables/UgkxwaysSvvrMFGTEeoenxpWKbuvFhV87hNo,Action,14 million plays,14000000,23 Sept 2025
City Smash,https://www.youtube.com/playables/UgkxveZYQVnP2Y2pdE54TBHM52tn14pl-Y8l,Simulation,14 million plays,14000000,29 Jul 2025
Bowmasters,https://www.youtube.com/playables/UgkxvbtEWcHGpsA0ROaS7QLgh9rlcLw9aKQF,Action,14 million plays,14000000,11 Feb 2025
Guess Their Answer,https://www.youtube.com/playables/UgkxALPyLFG5NFuZND9ChTdbB76gL97g_ILt,Brain and puzzle,14 million plays,14000000,6 Aug 2024
Wood Nuts & Bolts,https://www.youtube.com/playables/UgkxoDzPFlDzIEqNDQBG4dDTvhdUd3ICMl8q,Brain and puzzle,14 million plays,14000000,4 Jun 2024
Merge Master,https://www.youtube.com/playables/Ugkx77Zleo4A6MThiMpKWLI4OuyvzMMoEv-p,Arcade,14 million plays,14000000,30 Jan 2024
Daily Solitaire,https://www.youtube.com/playables/Ugkxb0tntcsC8v4im93WkkwRej9-_lE-TDx-,Board and card,14 million plays,14000000,28 Jul 2023
ASMR Mini Games,https://www.youtube.com/playables/Ugkx5xXnRx_9TR-Hy7kTXMbC62HXrx2NYi_I,Simulation,13 million plays,13000000,16 Jun 2026
Extreme Car Driving Simulator,https://www.youtube.com/playables/Ugkx0AYmwYo1Hq56hOdKpjRUC1_1xbMjdr_F,Racing,13 million plays,13000000,9 Jun 2026
Pick Me Up 3D: Taxi Game,https://www.youtube.com/playables/UgkxMe_sUwJAY6mFS8LKpcdgkULFuar931L9,Racing,13 million plays,13000000,3 Feb 2026
Downhill Racer,https://www.youtube.com/playables/UgkxgMOIkm4OeOIKqmxA5yRbE9nu8f_jWRHT,Racing,13 million plays,13000000,11 Nov 2025
Crossy Road,https://www.youtube.com/playables/Ugkxy0lb6paveolUcuucnKbsUDYGm1ZK7plA,Arcade,13 million plays,13000000,25 Feb 2025
Harvest.io,https://www.youtube.com/playables/UgkxnEOEdyjMRwzuaOCNlMYD8q8dS0jubTXv,Simulation,13 million plays,13000000,26 Nov 2024
Mahjongg Solitaire,https://www.youtube.com/playables/UgkxQzSEDZ2AXyZuv7ucRJ2_bPWPSx8KAlI1,Board and card,13 million plays,13000000,15 Oct 2024
Bolly Beat,https://www.youtube.com/playables/UgkxkuadeVb9hZneZfe3ztf1qn6Y-rL6Aqij,Music,12 million plays,12000000,10 Sept 2024
Shape Transforming: Shifting Run,https://www.youtube.com/playables/Ugkxa2OxoZHIAvirquwqtZsxFUSa-Byp960p,Racing,12 million plays,12000000,24 Apr 2026
Evolution Simulator,https://www.youtube.com/playables/UgkxxJFnJx0jogPkEtc1bICU4EL2rbUW8kE5,Simulation,12 million plays,12000000,22 Apr 2026
Jelly Run 2048,https://www.youtube.com/playables/UgkxnqQA2hp9i2IsMbql4X126y5d4l5et47i,Brain and puzzle,12 million plays,12000000,21 Apr 2026
Pizza Ready!,https://www.youtube.com/playables/UgkxgTHfrokstF4a2eJy8cWYSPE268wi9Qyc,Arcade,12 million plays,12000000,3 Mar 2026
Sprunki Beat: Full Mod Music!,https://www.youtube.com/playables/Ugkx32bEdzhNoHhjwn7kL3Nyl6JepVHzpGaQ,Music,12 million plays,12000000,27 Jan 2026
Mechangelion - Robot Fighting,https://www.youtube.com/playables/Ugkx4VMTpA2x9JpAEMJ26bGmfOXDbS-VILPI,Action,Robot Fighting – 12 million plays,12000000,23 Apr 2024
Today's Hurdle,https://www.youtube.com/playables/Ugkx50b0MgNtw5-tLByRcmclUYxr_TUmouLk,Trivia and word,12 million plays,12000000,26 Jul 2023
MR RACER - Car Racing,https://www.youtube.com/playables/UgkxQ_WwKAh6jvaL23GKRLd-NxGZsvXbMzqv,Racing,Car Racing – 11 million plays,11000000,23 Sept 2025
Aquarium Land,https://www.youtube.com/playables/UgkxwgDLkWx1arqo3OTf3msG3XHtU9JTIf1k,Simulation,11 million plays,11000000,11 Nov 2025
Merge Miners,https://www.youtube.com/playables/UgkxagGtOacDB1SvVDTH2J5vhkFjASrAJtBw,Brain and puzzle,11 million plays,11000000,22 Oct 2025
Tanghulu Master,https://www.youtube.com/playables/Ugkxl2j8-Jg4qpiTSjc_lm2An_tihNDfTXz4,Simulation,11 million plays,11000000,23 Jul 2025
Ludo King™,https://www.youtube.com/playables/Ugkx84ScJtr7WrAOYsMqNjKBH2xW8hqtE82g,Simulation,11 million plays,11000000,21 May 2024
Angry Birds Showdown,https://www.youtube.com/playables/Ugkxb2gxwOZu9QDqSZymy8YWhn_NJbg2BQXH,Brain and puzzle,11 million plays,11000000,27 Apr 2024
Find Out,https://www.youtube.com/playables/UgkxuDSpS3gp4pwkMxIxjbrQRs5gw9ZQE7ma,Brain and puzzle,11 million plays,11000000,9 Jan 2024
Draw The Line,https://www.youtube.com/playables/UgkxnstpF8MxByAqBl2sHWRVx0DkueiGebIL,Arcade,10 million plays,10000000,10 Sept 2024
Smash Speed!,https://www.youtube.com/playables/Ugkx6x9Uq55TTNP7QKEveEMr7CCylGhb7kvA,Racing,10 million plays,10000000,5 Jun 2026
MR RACER  Stunt Mania,https://www.youtube.com/playables/UgkxgFE88v_ffhjK02iL6iCPePw6NRONmFZi,Racing,10 million plays,10000000,28 May 2026
Army Run 3D,https://www.youtube.com/playables/Ugkx5GZh3aXLL-TIICvyVzYexTon8h1UgmyU,Action,10 million plays,10000000,24 Mar 2026
Hypermarket 3D: Store Cashier,https://www.youtube.com/playables/UgkxVgEHfvx6fSAZEgDocc8NiJ8Ju_RdqQ6C,Simulation,10 million plays,10000000,27 Jan 2026
Crazy Kick!,https://www.youtube.com/playables/Ugkx7aOajUFDW9YQkfKTR9aBgGrQNlITrwCY,Sport,10 million plays,10000000,15 Oct 2025
Bubble Shooter,https://www.youtube.com/playables/Ugkx0KxW3hcMo5oN54VXTwcXrH8-ie8mXEVQ,Arcade,10 million plays,10000000,1 Oct 2024
Flappy Dunk,https://www.youtube.com/playables/UgkxXpLALBdUxSC7jCKF4z9yedUBoGOiP--m,Arcade,10 million plays,10000000,1 Oct 2024
Alien Shooter,https://www.youtube.com/playables/Ugkxoat5BdVauZ_vZ9LDhLOIdTDGNsP9XfOM,Action,10 million plays,10000000,5 Dec 2023
Rainy Boba Cafe,https://www.youtube.com/playables/UgkxARjhkMHAuyc5hdElO22cec1cTa4Cnkda,Simulation,10 million plays,10000000,24 Oct 2023
Element Blocks,https://www.youtube.com/playables/UgkxWwmO5vYaH02IwIlnLC1VDU6R09_v7yLX,Brain and puzzle,10 million plays,10000000,15 Aug 2023
FreeCell Solitaire,https://www.youtube.com/playables/Ugkxbnpb-Zfu90iTv-d_1rZA5kUiiZwUz5U3,Board and card,10 million plays,10000000,2 Aug 2023
Adorable Home,https://www.youtube.com/playables/UgkxhZg1OZV8DMXOTTuELyU_T-7tipA8gfIU,Simulation,9.9 million plays,9900000,4 Jun 2024
Makeup Kit - Color Mixing,https://www.youtube.com/playables/UgkxsIMTk6Iy34gx5WU30Bl_ofilD55Edub1,Simulation,Color Mixing – 9.8 million plays,9800000,9 Jan 2024
Makeup Stylist,https://www.youtube.com/playables/UgkxAaoFxYMftYrBhGcxlxgKwUZ7s6QbLnVk,Simulation,9.6 million plays,9600000,26 May 2026
Burger Life,https://www.youtube.com/playables/UgkxQL3D5OVRSMC5hj4YY_AN_6_zKpTqMuBn,Simulation,9.5 million plays,9500000,3 Mar 2026
Tropical Merge,https://www.youtube.com/playables/UgkxaQ7Prff5pYiQ5676g8Nvhm9B3GswNUg6,Simulation,9.2 million plays,9200000,3 Sept 2024
BMG: Ragdoll Car Race,https://www.youtube.com/playables/Ugkxsw2FrA51AmdmGEVZmauwFKez--utxY50,Racing,9.1 million plays,9100000,26 Jun 2026
Dog Escape,https://www.youtube.com/playables/UgkxSHGPvJ0thSMN1NdOMCWbS-1utdqa3MZa,Brain and puzzle,9.1 million plays,9100000,31 Mar 2026
Fish Story: Save the Nemo 🐠,https://www.youtube.com/playables/Ugkxq90J5i32a_tF0lgD80XQ85Nwh37HqcDu,Brain and puzzle,9.1 million plays,9100000,31 Mar 2026
Family Life,https://www.youtube.com/playables/UgkxuIJWZNF2yjYZBROSWi56ThCfkPWhf1BU,Simulation,9.1 million plays,9100000,21 Jan 2025
Homo Evolution,https://www.youtube.com/playables/UgkxJLegyl7l_uEfda_DHMw0E-QOmO68Y2bD,Simulation,9 million plays,9000000,27 Aug 2024
Traffic Racer 3D,https://www.youtube.com/playables/UgkxeykHkAfFZRlcu25-v5PZyV94j8yw_4QT,Racing,8.9 million plays,8900000,10 Mar 2026
Tomb of the Mask,https://www.youtube.com/playables/UgkxKXJt3Dp8gutdeca9P-UpEM3LLaeDffpa,Action,8.8 million plays,8800000,19 Dec 2023
8 Ball Pool,https://www.youtube.com/playables/UgkxMXrw_eIbwg6ulkjqfyNMpDMf-yZZxqid,Multiplayer,8.8 million plays,8800000,
Mergest Kingdom,https://www.youtube.com/playables/Ugkxmy83UWt6AAOIuGhdnwCYxk5yWsErs5pJ,Brain and puzzle,8.7 million plays,8700000,15 Oct 2024
Hair Salon: Beauty Salon Game,https://www.youtube.com/playables/UgkxABmyyKttjprJ2BxeP2pW3u0nXOFPM5ju,Simulation,8.6 million plays,8600000,7 Jul 2026
Sort Tiles: Tap Away,https://www.youtube.com/playables/UgkxIVDH74Z95xeFbuiPzI6XxiRDFFSRJk5Y,Brain and puzzle,8.6 million plays,8600000,5 Nov 2025
Helix Jump,https://www.youtube.com/playables/Ugkx5MRlPuIgVY8roiYI_LmuR7juykVtmFvn,Arcade,8.5 million plays,8500000,11 Jun 2024
Gym Boss,https://www.youtube.com/playables/Ugkxvi749EcJUgkgMuPtyk5MnBZb6Qzw2laN,Simulation,8.4 million plays,8400000,3 Jun 2026
Sandwich,https://www.youtube.com/playables/Ugkx4Yf2_IesnbygsjkYESZedYHGxHD_Ln4x,Brain and puzzle,8.4 million plays,8400000,10 Jun 2025
Ragdoll Racing: Extreme Downhill!,https://www.youtube.com/playables/Ugkx9QgfPuMsjSvsXgb1P3Xp803fCyCoPh0N,Action,8.3 million plays,8300000,29 Apr 2026
Freekick Football,https://www.youtube.com/playables/UgkxjX3-84ZFPZHSm99ZIsn9eqPQQSoWJPxS,Sport,8.2 million plays,8200000,16 Apr 2024
Fruit Clash,https://www.youtube.com/playables/UgkxfNOJ7DUTDNTDxhQHSFL0LswC7L92YJyZ,Brain and puzzle,8.1 million plays,8100000,15 Oct 2025
Retro Drift,https://www.youtube.com/playables/UgkxBtpb3hisyNhrNkU215QuFIRfmNBgJ0m4,Racing,8.1 million plays,8100000,5 Mar 2024
Basketball FRVR,https://www.youtube.com/playables/UgkxWSXS6lpJJk8UXStO2_gBWymmyo7GnjZN,Sport,8.1 million plays,8100000,
Color Fill 3D,https://www.youtube.com/playables/UgkxygSWplP8x0tXLUlCBRPrVtv4-gFiOy8d,Arcade,7.9 million plays,7900000,8 Jul 2025
Train Miner,https://www.youtube.com/playables/UgkxBynb5M9pp8sUIsHD_eKLQYb87Yo_hXhW,Simulation,7.9 million plays,7900000,1 Jul 2025
My Perfect Hotel,https://www.youtube.com/playables/Ugkx0SCU_1hU4q-k6CHwkNFWa-tQBimsRSZc,Arcade,7.7 million plays,7700000,19 Mar 2024
Brain Out,https://www.youtube.com/playables/UgkxSxr2TP347bOmLco8gaPvBUwilDvO47Ys,Brain and puzzle,7.6 million plays,7600000,16 Aug 2023
Slime Simulator,https://www.youtube.com/playables/UgkxlY0l4DGnh1IP9OJaRxGeykIba4oNi5fl,Simulation,7.5 million plays,7500000,5 May 2026
Become a Super Stylist girl in a fashion show!,https://www.youtube.com/playables/UgkxvqalsWf9nd5EKGlFPkv7K62puApmyDpQ,Simulation,7.5 million plays,7500000,18 Feb 2026
Slime.io,https://www.youtube.com/playables/UgkxCPSyzGC7X7P8rw8sEmPuv82HB_nEXWt8,Arcade,7.5 million plays,7500000,27 Feb 2024
Color Burst 3D,https://www.youtube.com/playables/UgkxcobZM_stIxOBW-bQwKcrUiYbg11g4x55,Arcade,7.5 million plays,7500000,7 Jun 2023
Cookingdom,https://www.youtube.com/playables/UgkxK7aXF_otbFlvaP3SfTn0oXOT8PxkViSj,Brain and puzzle,7.3 million plays,7300000,17 Mar 2026
Marble Run,https://www.youtube.com/playables/UgkxjKj2oYGckQIcb_lWcvhxehqxTbcsYbMk,Racing,7.2 million plays,7200000,10 Feb 2026
Archery World Tour,https://www.youtube.com/playables/UgkxhWL-8PcJnVcWWzTqGWR1UUSXLxoBf5l-,Sport,7.2 million plays,7200000,21 Jan 2025
Prison Manager: Cage Break Tycoon,https://www.youtube.com/playables/Ugkx5bJdkCqETakqxUp-Wt2H8jc1n1fMPIX7,Simulation,7 million plays,7000000,1 Jul 2026
Pet Me Maze,https://www.youtube.com/playables/UgkxDMBcbnWD9NaunOrFS91DWX-6F5o7A5gn,Arcade,7 million plays,7000000,11 Jun 2026
Fruit Ninja,https://www.youtube.com/playables/UgkxXYGAYFMFRZ_xXj3U5_nFFkUB6U6Gdgpl,Arcade,6.9 million plays,6900000,17 Dec 2024
Pokey Ball,https://www.youtube.com/playables/UgkxdwjnVZpLR_KtsTXghj3Bz-TMRpUrrgin,Arcade,6.9 million plays,6900000,23 Jul 2024
Bubble Pop Star,https://www.youtube.com/playables/UgkxJDh35a5buq4ZFSiTAk4_NlVrolGJdzmS,Brain and puzzle,6.9 million plays,6900000,26 Mar 2024
Color Pixel Art,https://www.youtube.com/playables/UgkxRscQl2OyLGa13m5LKa20ZKyA9nSDIPNM,Brain and puzzle,6.9 million plays,6900000,10 Oct 2023
Deadly Catch!,https://www.youtube.com/playables/UgkxuzB1o7sFuwE4Mjnx383jUHS1mtJ84s-7,Simulation,6.8 million plays,6800000,10 Mar 2026
Dalgona Candy Cookie Games,https://www.youtube.com/playables/Ugkx1bj0VNDV1XLvAvJwgf5ZOJ8PE6kJSpQT,Simulation,6.8 million plays,6800000,10 Feb 2026
Paper Doll Diary: Dress Up DIY,https://www.youtube.com/playables/Ugkx6zAtOIi3BASa4oCvjMqI18ucSznkpfek,Simulation,6.7 million plays,6700000,26 May 2026
Race Rush 3D,https://www.youtube.com/playables/UgkxvfamvAma3ETK9bnbyuPLr9WUgoQaK2LV,Racing,6.7 million plays,6700000,15 Apr 2026
Animal Care Tycoon,https://www.youtube.com/playables/UgkxQrWIBFGvRlHl0b3B_0FEJT8tgSJBbQen,Simulation,6.7 million plays,6700000,3 Mar 2026
Table Tennis World Tour,https://www.youtube.com/playables/UgkxjfTaD53xDls6vMe5pPVU-gWXQZ6uDBKt,Sport,6.7 million plays,6700000,25 Feb 2025
Home Rush - Draw to Home,https://www.youtube.com/playables/UgkxpI4ETBUg9-HRbUS0UIEv50Lihtu_jThK,Brain and puzzle,Draw to Home – 6.6 million plays,6600000,24 Jul 2026
Soccer Dash,https://www.youtube.com/playables/Ugkx7rcdn18n1zn6Ly1iDfN8DFddAP_qxYiC,Sport,6.5 million plays,6500000,17 Sept 2025
Tower Crash 3D,https://www.youtube.com/playables/UgkxEyXhlGYRzXZ-PHjVq5a6nSlRhFRYJIYk,Action,6.4 million plays,6400000,28 Jan 2025
Carrom Clash,https://www.youtube.com/playables/UgkxluYt1LEffJ0QagvP4KyKyrMeizA3XVe-,Sport,6.4 million plays,6400000,7 Jun 2023
Tricky Challenges: Mini Games,https://www.youtube.com/playables/Ugkx9WhCs6VHOkdJR6GkZpfUc8ipM4zqasLQ,Arcade,6.1 million plays,6100000,9 Jun 2026
Grab Crazy,https://www.youtube.com/playables/UgkxVinPsh0re1AFDKWkXAzvHgs5JWx7_UtJ,Arcade,6.1 million plays,6100000,2 Jun 2026
Stickman Warriors,https://www.youtube.com/playables/Ugkx2sNaOL6IJGWzDq_5vqqC_PdYxnIpKr_O,Action,6.1 million plays,6100000,2 Dec 2025
Pin the UFO,https://www.youtube.com/playables/Ugkxuzx2mGd-dwMxbUnxItW24dUwKwkwDTkL,Brain and puzzle,6.1 million plays,6100000,26 Nov 2024
Idle Restaurants,https://www.youtube.com/playables/UgkxSGzAGhudV_UETBagHlaIQOGSCFNmB6ZR,RPG and strategy,6.1 million plays,6100000,12 Dec 2023
Cup Heroes,https://www.youtube.com/playables/Ugkx7aylcjh4wWVofce6YcWXFTc5n9WdOvEU,RPG and strategy,6 million plays,6000000,9 Sept 2025
Dan The Man,https://www.youtube.com/playables/UgkxvC7ei6oebFdPg5U9xBV7ghnH2F4yH95x,Action,6 million plays,6000000,9 Dec 2025
Daily Solitaire,https://www.youtube.com/playables/Ugkx535wU-TyMgXfQJ25KsJZOtWDR9KcVeCh,Board and card,6 million plays,6000000,13 Aug 2024
Pocket Champions,https://www.youtube.com/playables/UgkxnDIbR1K0CiqEgJFWGNKq_2YlG8Au1Vxc,Sport,6 million plays,6000000,12 Dec 2023
Ladder Master,https://www.youtube.com/playables/Ugkx_XR1IAFUnCO7O9bNfLyyz9JkwLaLOTiD,Brain and puzzle,5.9 million plays,5900000,6 Jul 2026
Woodturning 3D,https://www.youtube.com/playables/UgkxRHPCPaQMWYKM3-5JBtPbjHmugrFqX5N9,Simulation,5.9 million plays,5900000,30 Dec 2025
Deadly Descent,https://www.youtube.com/playables/Ugkx9g1cMOPVbhcGPHklvVh8zcnyoYMcOnUi,Racing,5.8 million plays,5800000,17 Jul 2026
Single Line Drawing Puzzle,https://www.youtube.com/playables/UgkxumpKDYIpKkOuIQTo_ykdVFbF-I9-LmCB,Brain and puzzle,5.8 million plays,5800000,10 Apr 2026
Tall.io,https://www.youtube.com/playables/Ugkx-BuX80gkahaRZZlRswVoBXrYkyE2BT77,Arcade,5.8 million plays,5800000,17 Dec 2025
Makeover Stylist,https://www.youtube.com/playables/UgkxPKvegEhoTUEA2sDlFBROomoXqIKPrEGs,Simulation,5.7 million plays,5700000,24 Jul 2026
Perfect Tidy,https://www.youtube.com/playables/Ugkxa4jMAM2AZJwEIVge9WoskhSQ6PuwvXWg,Brain and puzzle,5.7 million plays,5700000,24 Feb 2026
Word Wipe,https://www.youtube.com/playables/Ugkxbre9EsQ4YoOidwVm990R03VuWyjX2Cw1,Trivia and word,5.7 million plays,5700000,8 Oct 2024
Cannon Balls 3D,https://www.youtube.com/playables/UgkxtJBl0ZoeInS-4l5yzLRPqToF7zHv4dhr,Arcade,5.7 million plays,5700000,18 Aug 2023
Endless Siege,https://www.youtube.com/playables/UgkxWp38CScpoU0eFEvImoVEgu5alAcIiogA,RPG and strategy,5.6 million plays,5600000,6 Mar 2024
Go Escape!,https://www.youtube.com/playables/UgkxHA3g0fIzP5fuRtL23jUt8XgVhwZlPmik,Arcade,5.4 million plays,5400000,20 May 2025
Fairyland Merge,https://www.youtube.com/playables/Ugkx7e4-_ftnMcfjKtTm1qsl-fjNNa0dwSr7,Simulation,5.2 million plays,5200000,24 Sept 2024
Clean House,https://www.youtube.com/playables/UgkxJF46PDIeYjaJa_dnBTC4HF80ruy9h2FN,Simulation,5.2 million plays,5200000,17 Feb 2026
Crazy Flying Car,https://www.youtube.com/playables/UgkxhWNUypbBTUR1TuGeo5vVQf7iZ7E5MsUy,Racing,5.1 million plays,5100000,1 Aug 2026
Relaxing Mini Games,https://www.youtube.com/playables/UgkxUkFODKJtXVhOLMxgO-2tVd3fwa3Jpui8,Arcade,5.1 million plays,5100000,17 Jul 2026
Road Chase: Shooter Realistic Guns,https://www.youtube.com/playables/UgkxS8YB8LPsBrGz0P9j4XKgiVoMC2xmzVwm,Action,5.1 million plays,5100000,8 Jun 2026
Donut Place,https://www.youtube.com/playables/Ugkxq_hWxvgrfjH0pVzIM3cVILOa4dVuH0C5,Simulation,5.1 million plays,5100000,24 Apr 2026
Moto X3M,https://www.youtube.com/playables/Ugkx5uDPU6WBPHDr9cBu2L1HGh5Ckw84kwSA,Racing,5 million plays,5000000,13 Jun 2026
Craft Valley,https://www.youtube.com/playables/Ugkxfr-mSrbjLU4RqyxNl1b2ssNir7S0w_Gp,Arcade,5 million plays,5000000,7 Apr 2026
Kings and Queens,https://www.youtube.com/playables/Ugkxfm_XwUsJosq5R3XLMup6JWTaDoXt5qGd,Board and card,5 million plays,5000000,29 Apr 2025
Chess Classic,https://www.youtube.com/playables/UgkxggiwgxQIFcmuCia130ZlskxLsXd8mTA3,Board and card,5 million plays,5000000,12 Dec 2023
Collect Em All!,https://www.youtube.com/playables/UgkxsqrPhe4p8MCzJrgzC4SMrdU-WvUP9QV8,Brain and puzzle,5 million plays,5000000,28 Nov 2023
Daily Crossword,https://www.youtube.com/playables/UgkxzLdK8NRUhAAcDeM7XKw-q9ePMo_tJ-Hp,Brain and puzzle,5 million plays,5000000,26 Jul 2023
Spinner Merge: Blitz,https://www.youtube.com/playables/UgkxWc3Pwae03Dkf3sEx9ORZrNvbBOBpn16B,Action,4.9 million plays,4900000,12 May 2026
2 Player Battle,https://www.youtube.com/playables/UgkxdEilYq5IUWe2gyREgYsFRAHuTGaHk_QD,Action,4.9 million plays,4900000,28 Apr 2026
Blocks Adventure Jungle Saga,https://www.youtube.com/playables/Ugkxq7n7O0m_mtQ_zjaFyI_IhlEDtFT7Shd9,Brain and puzzle,4.9 million plays,4900000,13 Jan 2026
Tricky Twist: Brain Puzzle,https://www.youtube.com/playables/UgkxV7zwMeZQ9EF3mNFZxAej2NJgUztEVgtW,Brain and puzzle,4.8 million plays,4800000,10 Aug 2026
Mystery Squishy Dumpling Blind Box,https://www.youtube.com/playables/Ugkx1YSyPltcGSwCOyuJ521w6MDyjqRaCnh2,Simulation,4.8 million plays,4800000,18 Jul 2026
Jump in Rhythm to the Hit! Cat Disco!,https://www.youtube.com/playables/UgkxxSQp5U0snEu4DLIPrzaY3t3sr8g16CMt,Music,4.8 million plays,4800000,13 Apr 2026
Onet Connect Classic,https://www.youtube.com/playables/Ugkx3V-HDvjUWsG5X2Xu1-yFzl25wdw3sOjr,Brain and puzzle,4.8 million plays,4800000,15 Aug 2023
99 Balls 3D,https://www.youtube.com/playables/UgkxPw0qfpc1rlkwbPLiF_eYy_lv7erWzlsN,Arcade,4.7 million plays,4700000,6 Feb 2024
Yoga Master — Flex Running,https://www.youtube.com/playables/UgkxXgL8JCJqxOAW1d-s6PWk-872fvXRusMN,Arcade,4.6 million plays,4600000,19 Jun 2026
3D Bowling,https://www.youtube.com/playables/Ugkxhiv8Y9r74rPZCYfabW2o0hicnoEK_kgX,Sport,4.6 million plays,4600000,13 May 2025
Pac-Man SuperFast,https://www.youtube.com/playables/Ugkxh6_qVyD8REm5RO9C3X1wEpFNk-o3E02t,Arcade,Man SuperFast – 4.6 million plays,4600000,22 Oct 2024
Seat Away,https://www.youtube.com/playables/UgkxtjPjSQTMjJkJZpm0zE5WOtxXX7W3dQgH,Brain and puzzle,4.4 million plays,4400000,3 Jun 2025
Ball Blast,https://www.youtube.com/playables/UgkxnAS9EVTaa5oTKIIc3gCduqQvLS7PxYbV,Arcade,4.4 million plays,4400000,20 Aug 2024
Cards of the Undead,https://www.youtube.com/playables/UgkxDkt7KoEwDEyNjnIyq-8oz8_DLlriStjB,RPG and strategy,4.4 million plays,4400000,30 Jan 2024
Battle Disc,https://www.youtube.com/playables/UgkxtkCaMIpAcB7kkArVsqUp2cCe9qKu_GK4,Arcade,4.3 million plays,4300000,9 Sept 2025
2048 Cubes,https://www.youtube.com/playables/Ugkx2GiNdAfGS9yymTiSBptscRdcrQ_CTcrp,Brain and puzzle,4.3 million plays,4300000,2 Dec 2025
Room Sort,https://www.youtube.com/playables/Ugkx-EeJ7qwRWOfsYV4bglM0qUD1FqDkadIb,Brain and puzzle,4.2 million plays,4200000,29 Apr 2025
Rider Lite,https://www.youtube.com/playables/Ugkxm5HxgUlE8E4geeF2lLFt7ylX-yUfuSlM,Arcade,4.1 million plays,4100000,30 Sept 2025
2048 Shooter: Number Match,https://www.youtube.com/playables/UgkxMDEBhqrIdArSdsvWNYRFauN2aQ53O-VH,Brain and puzzle,4.1 million plays,4100000,23 Apr 2026
Mahjongg Dimensions,https://www.youtube.com/playables/Ugkx-Dxm4UkuJ_VLOe5QOFVuY0ejlUhzFTKD,Trivia and word,4 million plays,4000000,5 Nov 2024
2048 Fusion,https://www.youtube.com/playables/UgkxhP1qCWVdu3k_pTzBJwtt5gqBXsnIbs6O,Board and card,4 million plays,4000000,20 Aug 2024
Dinosaur Shifting Run,https://www.youtube.com/playables/Ugkxtw3nagmgBBMcVivzaAwgGrrv2Et84G65,Brain and puzzle,3.9 million plays,3900000,22 Jun 2026
Merge Lagoon,https://www.youtube.com/playables/Ugkx1DwZeIcdHAKVFD4QHiAldS4PHlMY0D0H,Brain and puzzle,3.9 million plays,3900000,15 Jun 2026
Fashion Queen: Dress Up Game,https://www.youtube.com/playables/Ugkxp5RxM930F-IXQofuoAze0C2M9ncvZFZg,Simulation,3.9 million plays,3900000,2 Jun 2026
Merge Haven,https://www.youtube.com/playables/Ugkx22W967LEPIKU8ET-rC7lSs9NCo_Ok_GU,Simulation,3.9 million plays,3900000,28 Oct 2025
Golf Orbit - Oneshot,https://www.youtube.com/playables/UgkxGbKbevLHrabxsoETR8n1wZzsW9MJZIqq,Sport,Oneshot – 3.9 million plays,3900000,7 Oct 2025
Texas Hold'em Poker,https://www.youtube.com/playables/UgkxiVJP19-_42X7VwqXj5Rs6-bCQLXvXRNC,Board and card,3.9 million plays,3900000,15 Apr 2025
Bed Wars,https://www.youtube.com/playables/UgkxpKqWwJQqAhJbXQOr7uPn2OfDsb1HYbqB,Arcade,3.8 million plays,3800000,17 Feb 2026
Geometry Vibes 3D,https://www.youtube.com/playables/UgkxgRvSOEEqk6MnzwnlXxSAOlFfpCKCZJWv,Arcade,3.8 million plays,3800000,3 Feb 2026
Flames & Fortune,https://www.youtube.com/playables/Ugkxx-BYHg4_MLyHtp7khA8gbJ6HfoSNc0uh,Board and card,3.8 million plays,3800000,7 Jan 2025
Gym Stack,https://www.youtube.com/playables/Ugkxz_XgefyvEGG_X70WJUGuOcdCZyhAmvmQ,Brain and puzzle,3.8 million plays,3800000,17 Dec 2024
Pocket Battle Royale,https://www.youtube.com/playables/UgkxUWkNO5JdypVVA1xVMwYrdDNwfzMM5cZz,Action,3.8 million plays,3800000,6 Feb 2024
Northern Heights,https://www.youtube.com/playables/UgkxhUUpYndtiTolpGZWJ_qkpwQePIEhurnK,Arcade,3.8 million plays,3800000,7 Jun 2023
Airplane Manager,https://www.youtube.com/playables/Ugkxw8uOsynVnPO1ppKFGb0eWkn0pa_Z_u20,Simulation,3.7 million plays,3700000,24 Feb 2026
Stick War: Legacy,https://www.youtube.com/playables/UgkxPegm7cy77vudukoeB_CWCxJhSEOKBY7i,RPG and strategy,3.7 million plays,3700000,25 Nov 2025
Jetpack Joyride,https://www.youtube.com/playables/Ugkxfd8gK6BiqBMdomf3KZXFxUWmf1Fa9g8Z,Arcade,3.7 million plays,3700000,10 Dec 2024
Gas Station: Junkyard Tycoon,https://www.youtube.com/playables/Ugkxui96rFzsGTxFFa9xWIHxzEx4Y-0HnYw2,Simulation,3.6 million plays,3600000,29 Jul 2026
Craft and Battle,https://www.youtube.com/playables/UgkxUTJc5BZIrOboj60B3mjNUWDIqE7oi7x9,Action,3.6 million plays,3600000,21 Jul 2026
Meme Long Legs,https://www.youtube.com/playables/Ugkx7-83nlx6CDUE-xX7wSaywlucks101oTo,Arcade,3.5 million plays,3500000,17 Jun 2026
Word Search,https://www.youtube.com/playables/UgkxVvV3HeQj9fikKEQPmda-sTZGbLpFAg59,Trivia and word,3.5 million plays,3500000,17 Dec 2025
Twisted Tangle,https://www.youtube.com/playables/UgkxUUIK_HoGrpuVrwu5RTAohyHdolgNW1Vm,Brain and puzzle,3.5 million plays,3500000,24 Jun 2025
Merge Cakes,https://www.youtube.com/playables/UgkxHz3AXHR1bIrgMDRiYWKcLJAE9d0X5K_n,Simulation,3.5 million plays,3500000,28 Jan 2025
Ludo Club,https://www.youtube.com/playables/UgkxGzrXA-j0c0_5xDjuq4M6-WYvJmewiTXz,Multiplayer,3.5 million plays,3500000,
Wood Blocks Jam,https://www.youtube.com/playables/UgkxhVIK6VGkk7Ojb7ShKqiGmgaaXRKC7vc-,Brain and puzzle,3.4 million plays,3400000,25 Nov 2025
Bus Jam: Car Parking Games,https://www.youtube.com/playables/UgkxGcue2pdNt98fsuUzibhgWgtsySfq_ke_,Brain and puzzle,3.3 million plays,3300000,20 Jan 2026
Ragdoll Gun Shooter! Cannon Spinner Playground,https://www.youtube.com/playables/UgkxnMr_YThiiExhQVBKlkKFs-5Hq73FMo5d,Action,3.2 million plays,3200000,12 Aug 2026
The Flowers: Merge and Sell Bouquets,https://www.youtube.com/playables/UgkxJ8YC7Lg_U_iMu_nAXkmea4BRgYCeF95x,Brain and puzzle,3.2 million plays,3200000,3 Jun 2026
Wizard Puppy: Magic Sort,https://www.youtube.com/playables/UgkxnWsyeuS3fLY_WZa8zKV1dFKJDQUroCu4,Brain and puzzle,3.2 million plays,3200000,24 Feb 2026
Cross-Stitch Masters,https://www.youtube.com/playables/Ugkx5J2-3nPfA5Mgn8DjBbtrY6PN-5EGvinZ,Arcade,Stitch Masters – 3.2 million plays,3200000,10 Feb 2026
Bubble Tower 3D,https://www.youtube.com/playables/UgkxfDDQMWeDSuzNF8eyFzBfKbCcf8U-LNCS,Action,3.2 million plays,3200000,14 Jan 2025
Racing Limits,https://www.youtube.com/playables/UgkxWJo6jIMzrQqqG4pNFAwQxM5IqG4kWmRF,Racing,3.1 million plays,3100000,11 Aug 2026
Crazy Cart,https://www.youtube.com/playables/UgkxKEijHcHxZ5CDkDwsrOHCZ9hWJWUx2TU2,Racing,3.1 million plays,3100000,24 Jul 2026
NSR Street Car Racing,https://www.youtube.com/playables/Ugkx8InOPgcvl31nKK4P8iU6xT3HWMYewACX,Racing,3.1 million plays,3100000,15 Jun 2026
Unscrew Drop: Satisfying Puzzle,https://www.youtube.com/playables/Ugkx82Ses0Yud4zGswafekXp2MVcjxBv_Hdd,Brain and puzzle,3.1 million plays,3100000,16 Apr 2026
Bee Factory Lite,https://www.youtube.com/playables/UgkxI8bUqR7kDuaWLwPB1IF5zRVzGr22xAwa,Simulation,3.1 million plays,3100000,27 Aug 2025
Fill the Fridge!,https://www.youtube.com/playables/UgkxTKzH0FVxbKdonm9EuOU-oEUWzBCT3m5O,Brain and puzzle,3.1 million plays,3100000,27 Aug 2025
Hair Tattoo: Barber Shop Game,https://www.youtube.com/playables/Ugkxjuwjze_faepQ6StQHeUXvpQvqvElEZQK,Simulation,3 million plays,3000000,24 Jun 2026
2048.io Cubes,https://www.youtube.com/playables/UgkxfR5oYi8E2_YA1a2UWFBpUpt_B7bD_BpH,Action,3 million plays,3000000,2 Apr 2026
Castle Craft,https://www.youtube.com/playables/UgkxDaCbFlZ8qa_idEIldC1_rK8847pDd0fu,Simulation,3 million plays,3000000,23 Dec 2025
Gin Rummy,https://www.youtube.com/playables/UgkxCVbezWvZC9_zahVHoqGY5mmnLxHPVV7O,Board and card,3 million plays,3000000,4 Aug 2023
My Space Pet,https://www.youtube.com/playables/Ugkx3dP_7oSzhOvhc-g2P3z5OPo55Im63OeH,Simulation,3 million plays,3000000,7 Jun 2023
State.io - Online PvP,https://www.youtube.com/playables/UgkxNjUw1YFg0iKwAbc6R0T3ONb9D4rAl-3m,Multiplayer,Online PvP – 3 million plays,3000000,
Wonder Goal: Fun Football Kick,https://www.youtube.com/playables/UgkxKEqgBvk7ivkRE3cwbPLzhtKFkfhtN3pP,Sport,2.9 million plays,2900000,3 Jul 2026
Coloring by Numbers. Pixel House,https://www.youtube.com/playables/UgkxioqMZvvn8UVerjVkpJU0JyvXjGR9KsG4,Brain and puzzle,2.9 million plays,2900000,22 Oct 2025
Cake Sort: Color Puzzle Game,https://www.youtube.com/playables/UgkxLw3iH-BTCWSOxlDhNgrRswAkXcZIa8pb,Brain and puzzle,2.9 million plays,2900000,13 May 2025
Ludo Karts,https://www.youtube.com/playables/UgkxE-q22w5oWl5AVX83k_W9mm0ZBBEQAxV3,Board and card,2.9 million plays,2900000,12 Mar 2024
Crazy Caves,https://www.youtube.com/playables/UgkxwNjlSyEDGtKpOQAjA94Ck4LHXmF0qKCb,Arcade,2.9 million plays,2900000,16 Aug 2023
Merge Pirates,https://www.youtube.com/playables/Ugkx0f6kAG5TYHtcKtceb36RYt3ktJs23dyU,Brain and puzzle,2.9 million plays,2900000,1 Aug 2023
Merge Heroes,https://www.youtube.com/playables/UgkxDyVn-vpQ_a_zdREmvALXokbxh9ey9rTh,RPG and strategy,2.9 million plays,2900000,7 Jun 2023
World War Camp Company,https://www.youtube.com/playables/UgkxWtO-5Nt7M-rx6N-COObiKGRB2zlBUr1f,Action,2.8 million plays,2800000,11 Jun 2026
Tidy Coins 3D,https://www.youtube.com/playables/UgkxP0bGugMKLTPTbHIMdt6iuUI4QgKUDmek,Brain and puzzle,2.8 million plays,2800000,24 Mar 2026
Scavenger Hunt,https://www.youtube.com/playables/UgkxWnC-Js-ucEcHUBT_iNYVmNkOCs80aTB-,Brain and puzzle,2.8 million plays,2800000,17 Jun 2025
Mini Golf FRVR,https://www.youtube.com/playables/Ugkx2cXUFyi3QwaHzNRm_8O7Z_Sp-R0MUPdC,Multiplayer,2.8 million plays,2800000,
Car Vs Trains 3D,https://www.youtube.com/playables/Ugkx66Q3KP2REvmn7PrkH-03YofY3eJdqMu7,Racing,2.7 million plays,2700000,2 Apr 2026
Plug Head,https://www.youtube.com/playables/UgkxbsHNpBLzVuUzFkUN56n4p24uZt5TBPJn,Arcade,2.7 million plays,2700000,24 Mar 2026
Tidy Master®: Find Hidden Objects,https://www.youtube.com/playables/UgkxQDfHEoq3e4QsgcPOUbHKoFS1MKjHvFMI,Brain and puzzle,2.7 million plays,2700000,28 Oct 2025
Doge Rescue - Save The Dog,https://www.youtube.com/playables/UgkxuTtL0Gvdje4CPH1Ls38RVo4tKosoyuMh,Brain and puzzle,Save The Dog – 2.6 million plays,2600000,29 Jul 2026
Drive & Crash Sandbox,https://www.youtube.com/playables/UgkxdpdsIsuB2fuhOGQdZ8_nINMYqUw7JkUo,Racing,2.6 million plays,2600000,23 Jul 2026
Dogs vs Aliens,https://www.youtube.com/playables/UgkxhWV7oZ-HyHoVy05oSeLKKDmM7I1cSb-K,Action,2.5 million plays,2500000,30 Jun 2026
Idle Tower Builder: Babel Tower,https://www.youtube.com/playables/Ugkx05FxSg3sjs0eWaNHoFUqa2SBoJf1F4oi,Simulation,2.5 million plays,2500000,31 Mar 2026
Car Crash Test BMG,https://www.youtube.com/playables/Ugkx5kV7_bG9ShgcnISaVppURmsYxjD1lUfo,Simulation,2.4 million plays,2400000,6 Aug 2026
Survival Island 3D,https://www.youtube.com/playables/UgkxBpf7p6DuWrVah-IadvyGG2-p2t73Kosy,Simulation,2.4 million plays,2400000,13 Apr 2026
Word Search Explorer,https://www.youtube.com/playables/Ugkxr1e5drFHD3ncx0IFM8IbU6NBZ5kdXhAS,Trivia and word,2.4 million plays,2400000,25 Mar 2025
Polysphere: Art Puzzle Game,https://www.youtube.com/playables/Ugkxxq7YNquqSSnXq3apf6URu0zrJReBFDpB,Brain and puzzle,2.4 million plays,2400000,9 Jul 2024
Magic Cat Academy,https://www.youtube.com/playables/UgkxXYFhC4EXAVVe3iriSylT2ObmB8cuVnjT,Action,2.4 million plays,2400000,31 Oct 2023
Dessert Maker,https://www.youtube.com/playables/UgkxZR2bYi5Sx_fFmDgytMQ_bPzLf9oTBg2q,Simulation,2.3 million plays,2300000,22 Jul 2026
Cooking Rage,https://www.youtube.com/playables/Ugkx6fmLDLaYpHqFw8a7PAQXXXvOcozXjgmo,Simulation,2.3 million plays,2300000,5 May 2026
Bricks Breaker: Deluxe Crusher,https://www.youtube.com/playables/Ugkxq8NrEzJM25KUfe5swevE_DElHvTuo6ZZ,Arcade,2.3 million plays,2300000,2 Apr 2026
Find The Differences - Spot it,https://www.youtube.com/playables/UgkxEUozub4yVMwLy0r2HPobW__MPNM0pLTT,Brain and puzzle,Spot it – 2.3 million plays,2300000,23 Dec 2025
Bouncemasters,https://www.youtube.com/playables/UgkxSUcfCPPSO-h1TE0jTP3nacjZ8oHUipgL,Arcade,2.3 million plays,2300000,1 Jul 2025
Real Football,https://www.youtube.com/playables/Ugkx7v1VWZiEyGa9SIDBR2wtJuWaVGjkRDz8,Sport,2.3 million plays,2300000,5 Nov 2024
Moving Co.,https://www.youtube.com/playables/Ugkx7rYBRO3K4pCUgGe7qy9U0xNn7od5Ogf1,Arcade,2.3 million plays,2300000,22 Jun 2023
Tidy Up - Satisfeel ASMR,https://www.youtube.com/playables/Ugkx-nlOKlRoG87r_08TuJG20c6jZGuJDmlO,Brain and puzzle,Satisfeel ASMR – 2.2 million plays,2200000,5 Jul 2026
Hero VS Criminal,https://www.youtube.com/playables/UgkxA_FulW8VKg_-lDzV-EYnVrT1AqiSKxb0,Action,2.2 million plays,2200000,17 Jun 2026
3D Bolt Master™,https://www.youtube.com/playables/UgkxKkDr2NwwlmDtPym1nNVcamiNfokh5_wy,Brain and puzzle,2.2 million plays,2200000,23 Dec 2025
Bike Racing 3,https://www.youtube.com/playables/UgkxlQxAeTW4-IG5E1IdIjoHzDEpocSrM9m2,Racing,2.1 million plays,2100000,21 Jul 2026
Flip Master,https://www.youtube.com/playables/UgkxEq_E8JdCYJ3UlC7Dfs7zsYpEKpxFK-m8,Action,2.1 million plays,2100000,7 May 2026
Golf Adventures,https://www.youtube.com/playables/UgkxVhsSic0F1s8uRRg0kMgw186cq-AYxemG,Sport,2.1 million plays,2100000,20 Aug 2025
Divineko Lite,https://www.youtube.com/playables/UgkxXlArs9uxXkIAr1H71Q9MOgGZiHK9dB75,Arcade,2.1 million plays,2100000,12 Aug 2025
Merge Jewels,https://www.youtube.com/playables/UgkxpYa65s7-EDhr_JUjtXIBDn7DSce4NOZ-,Brain and puzzle,2.1 million plays,2100000,18 Feb 2025
Cube Tower,https://www.youtube.com/playables/Ugkx2frULoOS6xBh8D0dZY6G9vvn5ODEzXpw,RPG and strategy,2 million plays,2000000,28 Sept 2023
Ball Attack,https://www.youtube.com/playables/Ugkx2pqGCtBVj5rD-q1fNQ4yO0FzdbCxH_7y,Action,2 million plays,2000000,17 Sept 2025
Hide the Doge,https://www.youtube.com/playables/Ugkx4zSsfAIz6nHWiXhgg8e8bLawce3eSgev,Brain and puzzle,2 million plays,2000000,30 Jun 2026
Don't Fall in Lava,https://www.youtube.com/playables/UgkxkK4Ra9YtR_wOtI0qYt5c1pHHUTM6GmdR,Brain and puzzle,2 million plays,2000000,3 Jun 2026
Brainrot Merge Kingdom,https://www.youtube.com/playables/Ugkx0CbNHO_JbGio2W9BMpngpq0Voh9mCNNZ,Brain and puzzle,2 million plays,2000000,3 Mar 2026
Pocket Universe,https://www.youtube.com/playables/Ugkx6ZdLu6k6j0cwivrhF90dsySTf-_JQZ9G,RPG and strategy,2 million plays,2000000,18 Nov 2025
Pocket Love,https://www.youtube.com/playables/UgkxzFAyHOE2AfkFzHid1_GZcXE1x5o82aVW,Simulation,2 million plays,2000000,20 Aug 2025
BMG: Car Destruction,https://www.youtube.com/playables/Ugkx6gmM24ZwnRyZIMKL1XxqGaswkiHOfcz_,Racing,1.9 million plays,1900000,10 Aug 2026
Battle Hole,https://www.youtube.com/playables/Ugkx6cv4ECT9wp8zxpddfNbFM31Yv1JpxT6a,Simulation,1.9 million plays,1900000,9 Jun 2026
Maze Speedrun,https://www.youtube.com/playables/UgkxeaSuVoLGFRjV_rT890toRFRaawmGrmYp,Arcade,1.9 million plays,1900000,18 Mar 2025
Jewels Planet,https://www.youtube.com/playables/UgkxWFjPL7QK4ZTpxb948hkyFp3FYBWgyuUD,Brain and puzzle,1.9 million plays,1900000,5 Dec 2023
TrackMania Blitz,https://www.youtube.com/playables/Ugkxvw0WwpZFMCvtTGieLiKoVxBp1mlo0XXu,Arcade,1.8 million plays,1800000,17 Sept 2025
Words of Wonders: Guru,https://www.youtube.com/playables/Ugkxpz0Bcp4WK0ZLjhHhq2IrpxQmwmwB9md9,Trivia and word,1.8 million plays,1800000,10 May 2024
Cars Vs Trains Race Day By @uk4deegames,https://www.youtube.com/playables/UgkxmeRrYSF9R7F1MQ1CiGpbCw5Q2f5WHu8o,Racing,1.7 million plays,1700000,22 Jul 2026
Zombie Rage: Merge 3D,https://www.youtube.com/playables/UgkxYUPoEtRko6RVTmrNquv_gPkqot5KyKqe,Action,1.7 million plays,1700000,20 Jul 2026
Animals vs Zombies,https://www.youtube.com/playables/Ugkx8LEecH9UM2YQ8zP9tTSUBYceycqDRbn_,Simulation,1.7 million plays,1700000,6 May 2026
Clicker Heroes,https://www.youtube.com/playables/Ugkx8KC_F0lB_n69IRjyw3WeTxHqb4p-D8uA,RPG and strategy,1.7 million plays,1700000,25 Nov 2025
Crossmath - Math Puzzle Games,https://www.youtube.com/playables/UgkxbJ_1OPpSHNghE-fANfnLB_Mtd-UsbHse,Brain and puzzle,Math Puzzle Games – 1.7 million plays,1700000,7 Oct 2025
Rise Up: Balloon Game,https://www.youtube.com/playables/Ugkx6R-dKOnwtVN5dco_fW4ntiHGTlnRy9C7,Arcade,1.7 million plays,1700000,15 Jul 2025
Zoo Boom,https://www.youtube.com/playables/UgkxhWD6uplVlFU1z3h-k2JGoP-QFHYfAC2f,Brain and puzzle,1.7 million plays,1700000,11 Mar 2025
Block Puzzle Social,https://www.youtube.com/playables/UgkxBMi6nLD9vocexCtfz5YmGo1bh99hyzMR,Brain and puzzle,1.6 million plays,1600000,2 Jul 2026
FootChinko,https://www.youtube.com/playables/UgkxHBikoPw1z8txNU8EUp-u1eDBmvO-3WBH,Sport,1.6 million plays,1600000,25 Mar 2025
Count Control Legends,https://www.youtube.com/playables/UgkxOzCqYcuqt3FGPAJSEVMRRPk1EZHAL6mD,Action,1.5 million plays,1500000,16 Aug 2026
Hamster Escape,https://www.youtube.com/playables/UgkxdiU60GMSJl1s0FxhWtBxgBFgyGVei9d0,Brain and puzzle,1.5 million plays,1500000,19 Jun 2026
Traffic Racer 3D Future Cars Edition,https://www.youtube.com/playables/UgkxvCufmKCHWZfNpLzbsydf9JgXVXkpMLGi,Racing,1.5 million plays,1500000,4 May 2026
Traffic Racer Bike Edition,https://www.youtube.com/playables/UgkxEnn7EkCX_gPx2qly-QQQHjVQXz6Jw-lb,Racing,1.5 million plays,1500000,23 Apr 2026
Magic Bottles,https://www.youtube.com/playables/Ugkx9CuYog1v8oTPpuf5CJIWHPaU3oDJC-sz,Brain and puzzle,1.5 million plays,1500000,9 Dec 2025
Gold Miner Tom,https://www.youtube.com/playables/UgkxiN_yQc52R_rut9UtWaq0gMdjJh3E68lX,Arcade,1.5 million plays,1500000,10 Jun 2025
Hexa Dungeon,https://www.youtube.com/playables/UgkxhXOvOZQjU5tKA5iTpSGbqHv5eHQWB15y,Arcade,1.5 million plays,1500000,8 Apr 2025
Magic Cat Academy 2,https://www.youtube.com/playables/Ugkxxyy0Dtls-hzx1duVf6WZtJgX08RAFjw0,Arcade,1.5 million plays,1500000,31 Oct 2024
Good Mood Food,https://www.youtube.com/playables/UgkxrsTPwDHdFPuNcgDbOf1ERGOMk7SwJTjR,Arcade,1.4 million plays,1400000,10 Aug 2026
Big Boom! Building Smash!,https://www.youtube.com/playables/UgkxJHcGpo9qm4k84NvN66aOg1Id29LQYryj,Action,1.4 million plays,1400000,5 Aug 2026
Burger Cafe!,https://www.youtube.com/playables/UgkxICF_Eno4AP05vIGPWM9lontzIsuEb_tH,Simulation,1.4 million plays,1400000,23 Jun 2026
Angry Gran Run,https://www.youtube.com/playables/Ugkx_sSbXj0jhmcb92EEDw5s2NBKj-qTgLAz,Arcade,1.4 million plays,1400000,22 May 2026
Bike Evolution Run!,https://www.youtube.com/playables/UgkxiZOvAsMGZn0ZV8VBGwnbvCsTH89FxuUh,Simulation,1.4 million plays,1400000,24 Apr 2026
Ant Kingdom Rush - Ant Game,https://www.youtube.com/playables/UgkxxIzFNp9T_Eo0aUCi6RCbiQqsRRF-nAer,Arcade,Ant Game – 1.4 million plays,1400000,24 Mar 2026
Snake Unjam,https://www.youtube.com/playables/UgkxhCX88gkG1-o7B_PuVtG3RaEQ8XHDVxfR,Brain and puzzle,1.4 million plays,1400000,10 Feb 2026
Traffic Tap Puzzle,https://www.youtube.com/playables/UgkxzvSrtPyRZHZtHK-uo30NcR0dEnZY3r3Z,Brain and puzzle,1.4 million plays,1400000,10 Feb 2026
Tap Away,https://www.youtube.com/playables/UgkxGg581anAuWbgBViImsQxAeN50D51_qH2,Brain and puzzle,1.4 million plays,1400000,28 Oct 2025
Sort Works: Nuts & Order,https://www.youtube.com/playables/UgkxiFZwjHdL_KH-2VlAZaD7Zna7yZXBGNZ9,Brain and puzzle,1.4 million plays,1400000,22 Oct 2025
Rope Sorting,https://www.youtube.com/playables/UgkxVxlDIWAwh5ttBv7iCW6nGmdX1dUxSKax,Brain and puzzle,1.4 million plays,1400000,15 Oct 2025
Street Ball Star,https://www.youtube.com/playables/UgkxNQ23Y5G6NcI72B7cfvFbujDGymcGBo80,Sport,1.4 million plays,1400000,24 Jun 2025
3D Darts,https://www.youtube.com/playables/UgkxCV48eYpYGVh5Q7kSfSJkSSJS_gQz3rdy,Sport,1.4 million plays,1400000,3 Jun 2025
Tiletopia,https://www.youtube.com/playables/Ugkx37BqByp15PUK6An6DLFaBtT6mi40ZoZ3,Brain and puzzle,1.4 million plays,1400000,3 Dec 2024
Sushi Grab,https://www.youtube.com/playables/UgkxXctP_Zj8QDUv5p9LsYCuW_xF9jM-P55w,Action,1.4 million plays,1400000,16 Jul 2024
Carrom Pool,https://www.youtube.com/playables/UgkxedNrTZi_SCEKez5ACucx64V0pgn0y00H,Multiplayer,1.4 million plays,1400000,
Street Shooter,https://www.youtube.com/playables/UgkxoIJhlkjsEgq4IjfZhm5pauiGtNHw1_nP,Action,1.3 million plays,1300000,21 Jul 2026
Field Master,https://www.youtube.com/playables/UgkxmmU4K6a0Nzyd-RvtSAQ_3eyqXx3xdOcI,Simulation,1.3 million plays,1300000,15 Jun 2026
Arrow Slide Puzzle,https://www.youtube.com/playables/UgkxpB1XDvMgbqrNQ6uHLcUV4EU4f-q6LgMr,Brain and puzzle,1.3 million plays,1300000,3 Apr 2026
Cricket World Cup,https://www.youtube.com/playables/UgkxmMxpdLEASqiBCQ26d4KE4MdKVw1AYDFl,Sport,1.3 million plays,1300000,2 Apr 2026
Epic Car Evolution,https://www.youtube.com/playables/Ugkx4nWCJ5T_0KIxVIHwsoAjZq5P-8QCIq2u,Racing,1.3 million plays,1300000,24 Mar 2026
Backrooms: The Playrooms,https://www.youtube.com/playables/UgkxFAGQ9epmCs89CErLkN1WkMcz9yJrbJOO,Simulation,1.3 million plays,1300000,20 Feb 2026
Pirate Pop,https://www.youtube.com/playables/UgkxWHqtW1FmHYXkDqChMiDHBk0yfbqSzW1N,Arcade,1.3 million plays,1300000,7 Jun 2023
Layer Man 3D: Run & Collect,https://www.youtube.com/playables/UgkxBlMprjQ9r2a-SVap693CvP4qEgOaSQRi,Action,1.2 million plays,1200000,6 Aug 2026
Traffic and Driving Simulator,https://www.youtube.com/playables/UgkxeF6n9LG3SSpGNRhokQkQjGvRzOMNTpMj,Simulation,1.2 million plays,1200000,6 Aug 2026
Save the Dog-Puzzle game,https://www.youtube.com/playables/Ugkx6YOHFBqt_Y5C8jABngKq-bGjDHj2v_ai,Brain and puzzle,Puzzle game – 1.2 million plays,1200000,4 Aug 2026
Build Your Dream Car,https://www.youtube.com/playables/Ugkxn1ZaHXYSeIoIjP2IR9Z1QaypO7Af_mHO,Racing,1.2 million plays,1200000,24 Jul 2026
Tiles In Hole,https://www.youtube.com/playables/UgkxsuLnJIh2kNjWeXsOIonetY1Lp6xq-2-c,Brain and puzzle,1.2 million plays,1200000,1 Jul 2026
Pizza Now!,https://www.youtube.com/playables/UgkxUZS3f7iIBIblx-ZZ9SRRsKgI9AK3nw5i,Simulation,1.2 million plays,1200000,15 Jun 2026
Dinosaurs Merge Master,https://www.youtube.com/playables/Ugkxai2SDxaWcR6G4gJdCPVnvWHV3R2lmTkS,RPG and strategy,1.2 million plays,1200000,28 Apr 2026
Bubble Pop Legend,https://www.youtube.com/playables/UgkxRIVq5s9qPttn5iR4EurLqHwZ3gFQp7CY,Brain and puzzle,1.2 million plays,1200000,20 Apr 2026
FrontWars.io,https://www.youtube.com/playables/UgkxzuBDNVFwyfZSVbb5UlL2_BwCoYmYCFIz,RPG and strategy,1.2 million plays,1200000,24 Mar 2026
Arrow Valley,https://www.youtube.com/playables/UgkxUBZ1cuboEBBeBAFML_zIna746ghiZ-0d,Arcade,1.2 million plays,1200000,24 Feb 2026
Guns & Bottles,https://www.youtube.com/playables/UgkxjXPEiFDQ8kxGhBG3vTJX_ydb-Ve9NBzZ,Action,1.2 million plays,1200000,3 Feb 2026
Solitaire Spider,https://www.youtube.com/playables/Ugkx1lC3s4V2JrEWRUd0luCO9r5yLTDpiiu9,Board and card,1.2 million plays,1200000,20 Jan 2026
Woodber,https://www.youtube.com/playables/Ugkxl6tzUWT7Itr9CvpBF3auXz_L9gnDGVce,Brain and puzzle,1.2 million plays,1200000,17 Dec 2025
Mahjongg Candy,https://www.youtube.com/playables/UgkxlZuKuQ-2yK9YQG-YfGvn25dINE4-gUaJ,Brain and puzzle,1.2 million plays,1200000,29 Jul 2025
Pengu Slide,https://www.youtube.com/playables/UgkxKDKc2GcvQuuRtnZ2wo53lmu36Cp7qgCh,Arcade,1.2 million plays,1200000,17 Jun 2025
Crystal Collapse,https://www.youtube.com/playables/UgkxFb5zwrXuhcip3ZwAuvwgpqeP46cJYBpa,Brain and puzzle,1.2 million plays,1200000,27 May 2025
Coloruid,https://www.youtube.com/playables/Ugkx38SY9leoakWiUx7rv-qYszsxL0-u-Qh8,Brain and puzzle,1.2 million plays,1200000,15 Apr 2025
Kitchen Bazar,https://www.youtube.com/playables/Ugkx1DoEIsU-uC55wcIa9ggf7w2twl_Cxk0t,Brain and puzzle,1.2 million plays,1200000,12 Nov 2024
Multiplayer Chess,https://www.youtube.com/playables/UgkxYeOuZ1A6dmjZ_-Gl9MORgyy_UmRkIUo6,Multiplayer,1.2 million plays,1200000,
Brain Bamboozle,https://www.youtube.com/playables/Ugkxxk8ewnN57R-J-b1yg5AdU_nCY_drHseK,Brain and puzzle,1.1 million plays,1100000,12 Aug 2026
Draw Action,https://www.youtube.com/playables/UgkxIXhlyuJRLKadPGRdM5OJ87kXPNDrRFuJ,Action,1.1 million plays,1100000,3 Aug 2026
Idle Vlogger Simulator,https://www.youtube.com/playables/UgkxAAG1xH0psYZULwGYGkM1XFlLfxBa0vnO,Simulation,1.1 million plays,1100000,8 Jul 2026
Drift Idle Drift Earn Upgrade,https://www.youtube.com/playables/UgkxQ6fM_Ri68oWHD95KEFeb31lBVVVrKRy_,Racing,1.1 million plays,1100000,21 May 2026
Futuristic Car Evolution,https://www.youtube.com/playables/UgkxjmPf3DoCeI_n5N5_fWiq8C1FsIsZ8_Ss,Racing,1.1 million plays,1100000,24 Apr 2026
Swing Shot,https://www.youtube.com/playables/Ugkxw96dTTVlZ9Yx9WFXuSJVEmJdCdNe2kzG,Arcade,1.1 million plays,1100000,3 Mar 2026
Block Canvas: Pixel Block Puzzle,https://www.youtube.com/playables/Ugkx_4Ii9APekI4roWULXnFBSk_z70998WQm,Brain and puzzle,1.1 million plays,1100000,17 Feb 2026
All in Hole,https://www.youtube.com/playables/UgkxCTkdRKSho-I5oMkLs4AAA4-Q2StnJ-ZY,Arcade,1.1 million plays,1100000,6 Jan 2026
Dangerous Crypts,https://www.youtube.com/playables/UgkxZ5beQmnQbnCx0X0v1LqIdtjDFJPj_rz6,RPG and strategy,1.1 million plays,1100000,18 Nov 2025
FRAG Pro Shooter Lite,https://www.youtube.com/playables/UgkxhXBBxqau157ZhD8OF1E0V4iN1K1NiTQv,Action,1 million plays,1000000,4 Aug 2026
Tank Stars,https://www.youtube.com/playables/Ugkx5GF7kDoNNP2mmmDTrmc781YSmUtHA8qx,Arcade,1 million plays,1000000,23 Jul 2026
Age of Clash,https://www.youtube.com/playables/UgkxTGmup6HC7HSxtPLHXFx2tlsA8DoSsDwh,Action,1 million plays,1000000,7 Jul 2026
Gun Play 3D,https://www.youtube.com/playables/UgkxsrfoTpz6DbNORCgKeZWe8nOccx5y-1RD,Action,1 million plays,1000000,3 Jul 2026
Draw To Smash Classic,https://www.youtube.com/playables/UgkxHKmb1lOdTBWIE-3KRgrZ5z_2_wmBhJVJ,Brain and puzzle,1 million plays,1000000,5 Jun 2026
Snake Jam!,https://www.youtube.com/playables/UgkxHIF1H0LE00prjQT71gLI_zzN5UjfxyWw,Brain and puzzle,1 million plays,1000000,28 May 2026
Arrow IQ: Logic Puzzle,https://www.youtube.com/playables/UgkxzVKWrxs-WIuJacfpAQ4FL5DdopYPD1k3,Brain and puzzle,1 million plays,1000000,8 May 2026
Block Master - Super Puzzle,https://www.youtube.com/playables/UgkxecPKX8zke4PfTmKSB5541q0RRli4L-Qx,Brain and puzzle,Super Puzzle – 1 million plays,1000000,5 May 2026
Match Triple 3D,https://www.youtube.com/playables/Ugkx-vRwyNn8VQ_982dGxKTwG99FsBJyVY-j,Brain and puzzle,1 million plays,1000000,17 Dec 2025
Jewel Shuffle,https://www.youtube.com/playables/UgkxUM_OovhNUNNOxVW0TIU2wk8G7lovh44l,Brain and puzzle,1 million plays,1000000,22 Apr 2025
Classic Mine Sweeper,https://www.youtube.com/playables/UgkxhpR_EFQxif6EFOQZKOss5-BadJj6TIvQ,Brain and puzzle,1 million plays,1000000,4 Mar 2025
RingyDingy,https://www.youtube.com/playables/Ugkxxll7kTr4LhP4-4IhRuQtaKFZuQDOPSiD,Brain and puzzle,1 million plays,1000000,18 Feb 2025
Cricket Hero,https://www.youtube.com/playables/UgkxTgpC4XvYRVY_5jlf_h0yiq8Ayvjyikt2,Sport,998 thousand plays,998000,1 Apr 2025
Luna And The Magic Maze,https://www.youtube.com/playables/UgkxF_EqNPNyrOvyvLKMD0PjhqgmFmUJovX1,Brain and puzzle,984 thousand plays,984000,15 Oct 2025
Hexa Stack,https://www.youtube.com/playables/UgkxqzjSpveQv8X7PR2-Sd4xh2wZnNPUIJtp,Brain and puzzle,979 thousand plays,979000,19 Jun 2026
Step Up,https://www.youtube.com/playables/Ugkxg6E1bAS2AxgFEYJoYsBogImzzn2CwLwt,Arcade,977 thousand plays,977000,17 Feb 2026
Bubble Pop: Dream Journey,https://www.youtube.com/playables/Ugkx8REmrvBZK5TX4I1g3rZkK19-XeD823Yf,Brain and puzzle,976 thousand plays,976000,2 Apr 2026
Sushi Roll,https://www.youtube.com/playables/UgkxXdDZHN0YAZBKap6geOAu2MySTC3-wu-V,Arcade,960 thousand plays,960000,8 Apr 2025
Leaf Blower Simulator,https://www.youtube.com/playables/UgkxjlylORfHL4Og7SLl_Y2SSU7uXKmiMImi,Simulation,943 thousand plays,943000,21 Jul 2026
Penalty Shooters 2 - football,https://www.youtube.com/playables/UgkxLDtjL4gS4COM1X42Rm_0EdTwppX9f4AJ,Sport,football – 940 thousand plays,940000,24 Mar 2026
Wood Block: Zen Puzzle,https://www.youtube.com/playables/UgkxJlenp3ljAJxh9x9dpfrUosDomq4oP3Tw,Brain and puzzle,939 thousand plays,939000,17 Mar 2026
Urgent Cases,https://www.youtube.com/playables/UgkxEbQc2_yWmEcTwFkKeKLnJzFmznwcWmcz,RPG and strategy,929 thousand plays,929000,7 Oct 2025
Lake Jump,https://www.youtube.com/playables/UgkxTmOh0nUnoFIGsvn5G3j6NH62di-d-N-I,Arcade,929 thousand plays,929000,1 Apr 2025
Magic Cat Academy 3,https://www.youtube.com/playables/UgkxigXKRfqd3ne0AuaZdM2tYXj0Xec-ceYO,Arcade,920 thousand plays,920000,3 Dec 2024
Tile Match Puzzle,https://www.youtube.com/playables/UgkxzbfqP1d_nnLHze73saLSXzW1vkfCeSNr,Brain and puzzle,907 thousand plays,907000,3 Sept 2025
Cryptogram: Cipher,https://www.youtube.com/playables/UgkxkEzGvGhMRAbSNPx0_mP4LwRYNALls7gC,Trivia and word,906 thousand plays,906000,20 Jan 2026
Merge Team Tactics,https://www.youtube.com/playables/UgkxdJ3rossrKdjsrtyYcW1dBMup_atnIJun,RPG and strategy,902 thousand plays,902000,25 May 2026
Sudoku Classic,https://www.youtube.com/playables/UgkxZ8DiQHWm8v22nWVz9-aloA7l-hZnHbxQ,Brain and puzzle,899 thousand plays,899000,23 Dec 2025
Merge World,https://www.youtube.com/playables/Ugkx-DD1qTlftKCKHtflQ6-a7EJosW2kMjJe,Brain and puzzle,878 thousand plays,878000,23 Sept 2025
Supercar Legends,https://www.youtube.com/playables/Ugkx9uaH2uFwQay-JiY1QVQ5Txwx0-zK3aQk,Arcade,868 thousand plays,868000,13 Aug 2026
Arrow Out,https://www.youtube.com/playables/UgkxUT5CLmqY0GPnHrEsKnmamCIFKB4Fz-Dy,Brain and puzzle,868 thousand plays,868000,2 Jun 2026
Highway Rush 3D,https://www.youtube.com/playables/UgkxpgIbtyYiAzSeecvFhHhdEyGlRnrY0ApQ,Racing,858 thousand plays,858000,29 Jul 2026
Screw Puzzle: Nut and Bolt,https://www.youtube.com/playables/UgkxtTLkhjZ8FrJ1WA6L7Il3bBi3Pgs7uiPY,Brain and puzzle,849 thousand plays,849000,17 Jun 2026
Totemia: Cursed Marbles,https://www.youtube.com/playables/UgkxNh6C069nBkRD0rUbf66TRvjOUmeLhC7e,Brain and puzzle,844 thousand plays,844000,18 Mar 2025
Basket Random,https://www.youtube.com/playables/Ugkx6ePBarcIFZ0LPBCCFguPDGhKjPuKJoCB,Sport,840 thousand plays,840000,24 Jun 2026
My Dream Pizza,https://www.youtube.com/playables/UgkxpFaseGVorzy8gePx1dtcDv0OLqTnkafM,Simulation,832 thousand plays,832000,1 Aug 2026
Tap 3D Wood block away,https://www.youtube.com/playables/UgkxPQ9AHF0YtXOEDXxqLt7sDoRQoXgJJB27,Brain and puzzle,824 thousand plays,824000,2 Apr 2026
Rage Maze Master!,https://www.youtube.com/playables/Ugkx-MfEDgBjb7TmVFuoKgj3n0oSpCRuryRR,Arcade,812 thousand plays,812000,5 Jun 2026
Mafia Wars,https://www.youtube.com/playables/UgkxK4YL9_XdS0dEz4Mk_UmDBxdRZSpMZy3k,Action,802 thousand plays,802000,16 Jul 2026
Neon Racer,https://www.youtube.com/playables/UgkxULl04shy34cozKG0ZyiWrKnNYIr-I-OQ,Racing,800 thousand plays,800000,8 Jun 2026
Construction Truck - Build a House,https://www.youtube.com/playables/Ugkxxx_1_NhwkBBBcOwtWbo650YNJq55MD78,Simulation,Build a House – 797 thousand plays,797000,12 Aug 2026
Head Ball 2,https://www.youtube.com/playables/UgkxkBIq4fSMS4DjJSqQXs_uzV4GVBjvhcjG,Sport,797 thousand plays,797000,2 Jun 2026
Meow Captcha,https://www.youtube.com/playables/UgkxmJHHfV-btH9fN0ut-2ixgoQUG0mUugiU,Brain and puzzle,795 thousand plays,795000,3 Mar 2026
Arena Kingdoms,https://www.youtube.com/playables/UgkxJmwg98icsWuce6d-z6eVUYILlovTRw86,RPG and strategy,793 thousand plays,793000,14 Jan 2025
Squid Hit,https://www.youtube.com/playables/UgkxAltsKUpdaUmYlf9RxiJkG5I7LVbcaG-Y,Action,792 thousand plays,792000,9 Jul 2026
Flow Blast,https://www.youtube.com/playables/Ugkxx3hZMVBJGtGHu0WDTyWFfiAYet0Lhqxd,Brain and puzzle,788 thousand plays,788000,24 Mar 2026
Happy Fruit Game!,https://www.youtube.com/playables/UgkxmLsWiiKbqT3cQGrYpPQn9uyCj73KvfVM,Arcade,783 thousand plays,783000,21 May 2026
Word Search Adventure,https://www.youtube.com/playables/UgkxF9DEF7Ri7Bxm7mmG8ziX8UCw8MRJZf6t,Trivia and word,775 thousand plays,775000,2 Jun 2026
Balloon Paradise,https://www.youtube.com/playables/Ugkx1aeiGJWB2bJbhjBb_PTPJ5qzFd4-erng,Brain and puzzle,775 thousand plays,775000,23 Dec 2025
Flappy FootChinko,https://www.youtube.com/playables/UgkxGtkDuznWvn6QagqbKGU-mmrVbxc0I5jw,Sport,771 thousand plays,771000,4 Feb 2025
Jigsawflow Solitaire Puzzle,https://www.youtube.com/playables/UgkxGvEOcGVYZEiBLQHzGtSGClXoBuuIotfp,Brain and puzzle,770 thousand plays,770000,16 May 2026
Ball Sort Puzzle,https://www.youtube.com/playables/UgkxymGcfTxrRACfjVMblMmTNw5m7sZCdz9q,Brain and puzzle,766 thousand plays,766000,27 Jan 2026
Iron Rail Defense,https://www.youtube.com/playables/UgkxhXkLKZQvA-R_RbYJTqwHQFEGred9OUpv,Action,765 thousand plays,765000,16 Dec 2025
Space Waves,https://www.youtube.com/playables/UgkxJbYIMnVmPT4rL77NzFsjUf3PaASqghIQ,Arcade,755 thousand plays,755000,7 Jul 2026
Jigpic Solitaire,https://www.youtube.com/playables/UgkxhZN1tfD7dPTiaxnGAYO_Kt7QxQPbfktA,Brain and puzzle,746 thousand plays,746000,24 May 2026
Jigsaw Cards: Daily Puzzle,https://www.youtube.com/playables/UgkxH9bYv7firnEaMREcowyAzLjuUg6a7Ayx,Brain and puzzle,736 thousand plays,736000,3 Apr 2026
Zip Zap,https://www.youtube.com/playables/UgkxRiEC5ViKHfTprF5zIJ3epnxuLvz8exCN,Brain and puzzle,735 thousand plays,735000,6 Jan 2026
Sugar Heroes,https://www.youtube.com/playables/Ugkx_iJjwfMZkfTbMPpM5Ow4l_uWZrgQvEKT,Brain and puzzle,729 thousand plays,729000,25 Nov 2025
Build an Aquapark,https://www.youtube.com/playables/Ugkx0k-JLPQ6zW43tEbwhjX3tbzs-wfPPwjL,Simulation,718 thousand plays,718000,18 Aug 2026
Magnet Balls: Addictive 🧲,https://www.youtube.com/playables/Ugkx-IgyJS4m9SgmZQ10nkcOzKTqFsxfuTzP,Brain and puzzle,717 thousand plays,717000,3 Jun 2026
Overtake City Run By @uk4deegames,https://www.youtube.com/playables/UgkxWZjq-sApt4MVpTZrTS9X_6ryytnXY8Ui,Racing,716 thousand plays,716000,29 Jul 2026
Men Vs Brainrot,https://www.youtube.com/playables/UgkxOIn6VpdRBefske9zBDqDX1zNE-icCPPM,Simulation,716 thousand plays,716000,7 Jul 2026
Road Gunner 3D,https://www.youtube.com/playables/UgkxK-27S-r_1BQP-0KGPZns5V_5UnMyb-Q8,Racing,707 thousand plays,707000,3 Jul 2026
Fruity Fiesta,https://www.youtube.com/playables/UgkxPWCArXXaO1QZWybkxY4gB_Zl5gQM7PUT,Arcade,705 thousand plays,705000,24 Feb 2026
Poker House,https://www.youtube.com/playables/Ugkxoth0rGqdDSCTsONqN38Qc7ebzqmnTapD,Board and card,698 thousand plays,698000,7 Oct 2025
Monster Truck Drift,https://www.youtube.com/playables/UgkxhWKW3BiDNlD-pn51if6ZfZr78_E7ygvu,Racing,692 thousand plays,692000,29 May 2026
Sliding Wave,https://www.youtube.com/playables/UgkxG_4u_WBiO6QV7_7TMXOaFexfimpCI9lM,Arcade,690 thousand plays,690000,23 Jul 2026
Bus Puzzle: Traffic Jam,https://www.youtube.com/playables/Ugkx2M1LiXhmaZVZsVpe0w0RBb_eWcPIv6xk,Brain and puzzle,684 thousand plays,684000,11 Jun 2026
Goods Tidy Puzzle,https://www.youtube.com/playables/Ugkx3tJldIN1OQ0iZ2BN2de5Gu9Xn1T6DSID,Brain and puzzle,675 thousand plays,675000,20 May 2026
Road Runner - Endless Running Adventure,https://www.youtube.com/playables/UgkxWtiT9eoq3zXbzKhuz9gVfiKmHu7GS6vU,Racing,Endless Running Adventure – 672 thousand plays,672000,10 Jun 2026
Girl Rescue: Dragon Out!,https://www.youtube.com/playables/UgkxQOqmECqdgebyhXJwuBNorpBcvYejC2p1,Brain and puzzle,671 thousand plays,671000,19 May 2026
Backrooms Maze,https://www.youtube.com/playables/UgkxeAJBszyxWSnnlKfnvhQSKa2x3QgZ0ZGu,RPG and strategy,671 thousand plays,671000,27 Jan 2026
Save The King : Puzzle Game,https://www.youtube.com/playables/Ugkx8oZOseMZ6EHK39H5Dx_s5cOcMiGYPj9h,Brain and puzzle,669 thousand plays,669000,20 Jan 2026
Chess Masters,https://www.youtube.com/playables/Ugkx76eRITVpfnIOTiEQ0sKuE6mdcv-ITglZ,Board and card,667 thousand plays,667000,27 May 2026
Infinity Loop,https://www.youtube.com/playables/UgkxHhX_lsZOHttiNvys6qCzz_VCw09jQwSG,Brain and puzzle,666 thousand plays,666000,16 Apr 2026
Comfy Farm,https://www.youtube.com/playables/UgkxHqTQRAb4AjyKJHxo2RIqkNxB9LKuJjjx,Simulation,666 thousand plays,666000,5 Aug 2025
Solitaire,https://www.youtube.com/playables/UgkxFdk62tM2jQLc9ct5zHzha9n-bR1MAIDi,Board and card,657 thousand plays,657000,17 Mar 2026
Flow Line Puzzles,https://www.youtube.com/playables/Ugkx-qxseeW4ZjfcVvuS4QSAxx-KqzqlP5VF,Brain and puzzle,655 thousand plays,655000,17 Mar 2026
Pirate Farm,https://www.youtube.com/playables/UgkxFqMHJxklWhQ791ggYfPpUxCHRLScFQPd,Simulation,654 thousand plays,654000,3 Mar 2026
Coloring: Mosaic by Symbols,https://www.youtube.com/playables/UgkxdD8qANWnd-zK_TctS_Na0SsgC-pwkpIL,Brain and puzzle,653 thousand plays,653000,4 Jun 2026
Work Is So Fun,https://www.youtube.com/playables/UgkxV5DbnZnaGMTclFmzLoPeEiPWeaQ-bnlX,Simulation,649 thousand plays,649000,12 Aug 2026
Zen Differences,https://www.youtube.com/playables/UgkxyFNufl3ar5DXzDGfg4PUPIKUZM31UOxY,Brain and puzzle,647 thousand plays,647000,9 Apr 2026
Archer: Trial by Fate,https://www.youtube.com/playables/UgkxCwert9sPpPMlicaofFgF7wNyFzQw5UHZ,Action,644 thousand plays,644000,30 May 2026
Cooking Mania - Food Frenzy,https://www.youtube.com/playables/UgkxWewz9zBFV1zG7XzsSXyJTY7a8OmzW9t3,Simulation,Food Frenzy – 637 thousand plays,637000,30 Apr 2026
2048 Merge Runner,https://www.youtube.com/playables/Ugkx7Cwb_O96RqeuFC1jRSwdzsJENMX6_Ndm,Action,636 thousand plays,636000,22 Jun 2026
Overtake Rush,https://www.youtube.com/playables/UgkxdMMn937HtOYEaJPpAKjbmhxKApaWrEja,Racing,636 thousand plays,636000,31 Mar 2026
Ultimate Survivor,https://www.youtube.com/playables/UgkxIDZk834ryslEou-zi0w-VhBS7U83XQsF,Action,629 thousand plays,629000,13 Jul 2026
BlockBuster Puzzle,https://www.youtube.com/playables/UgkxSzLp5UyKs7IW7_5TuY_T5dU8OJC4Z9rS,Brain and puzzle,627 thousand plays,627000,3 Apr 2026
Physics Ball,https://www.youtube.com/playables/UgkxlN6u8yXvTMn6uONsq-IX--HYEOxuQvie,Brain and puzzle,624 thousand plays,624000,20 Jan 2026
Hexa Sort,https://www.youtube.com/playables/UgkxempIa98uoMIImkDU71a64YOX6xHMj4I1,Brain and puzzle,623 thousand plays,623000,28 Apr 2026
Cozy Loom: Yarn Sort,https://www.youtube.com/playables/UgkxDUNDFK6HTyhNr2fWuuylEfrMBiWf_IVm,Brain and puzzle,618 thousand plays,618000,17 Jul 2026
Knot Off: Rope Puzzle,https://www.youtube.com/playables/UgkxoUZVIFY_1GAKzumMkFShbFLzSUSclv7z,Brain and puzzle,618 thousand plays,618000,2 Jul 2026
Classic Solitaire - Card Games,https://www.youtube.com/playables/Ugkx8Z9pkkNU4XsfIlKY3_eQWiuY5CBAoAJW,Board and card,Card Games – 605 thousand plays,605000,31 Mar 2026
Solitaire Collection,https://www.youtube.com/playables/UgkxOgxpFTZa7Ml2TRw1lt_iJ0RKUzdLN7Xt,Board and card,598 thousand plays,598000,17 Feb 2026
Pixel Color Flow,https://www.youtube.com/playables/UgkxEjVjC-nQVzN8poX-wH-WG8LbXuPa4Zx6,Brain and puzzle,594 thousand plays,594000,12 Jun 2026
Hotfoot Baseball,https://www.youtube.com/playables/UgkxO1ojqla475OtqFPpgxNnSNuznOwzPkSK,Sport,593 thousand plays,593000,21 May 2026
Aircraft Evolution 3d,https://www.youtube.com/playables/Ugkx9GVPd9TLqsHII7l1zNGbzOXulDwfU9TS,Action,590 thousand plays,590000,9 Apr 2026
Dash and Slash,https://www.youtube.com/playables/UgkxUr06CYfWM5upRJvzFar882ITlYVeiiLf,Action,584 thousand plays,584000,14 Aug 2026
Words Crosswords,https://www.youtube.com/playables/UgkxNlCd1pFDU_T0rZ6W-9AC4wRcJeRDHM16,Trivia and word,584 thousand plays,584000,6 May 2026
Traffic Racer 2,https://www.youtube.com/playables/UgkxKyDJzSqbZ_s8NcDA9tAUlbbVlVgNp-xj,Racing,584 thousand plays,584000,7 Apr 2026
Club Guard,https://www.youtube.com/playables/UgkxuMmrZpAUpejPSSpLnp6nFhSOsZXtMzH-,Simulation,583 thousand plays,583000,18 Aug 2026
Mahjong Pop,https://www.youtube.com/playables/UgkxrgPJuDQqZpzZA0i4WGjH66crWRx7eJGc,Brain and puzzle,582 thousand plays,582000,2 Apr 2026
Football Legends,https://www.youtube.com/playables/UgkxVZ1qm7R564Z2aWrRoGVratW9r_uNxVtP,Sport,580 thousand plays,580000,24 Jul 2026
Arrow Tap Puzzle 🏹,https://www.youtube.com/playables/UgkxA2Vy1kJNpQ3JICjqXSOr9WW7e179A_cD,Brain and puzzle,578 thousand plays,578000,15 Jun 2026
Gas Station Simulator,https://www.youtube.com/playables/UgkxUipzcQNfacX0vjsG5fdUwQZ3e1gaPr5p,Simulation,577 thousand plays,577000,15 Aug 2026
Neon Rolling Ball,https://www.youtube.com/playables/UgkxBRvVpaaKFggP8yGbPlK7_Mnx6uzHmmNZ,Arcade,576 thousand plays,576000,13 Aug 2026
Stickman 3D Airplane,https://www.youtube.com/playables/Ugkx0KCdKfCQ58fsguofYY5QDSpvFpPd7QkP,Sport,573 thousand plays,573000,22 Apr 2026
Snow train odyssey,https://www.youtube.com/playables/Ugkx2XlILgYmCkfHe8aLIzUVMkvXYDN1a5oj,Arcade,572 thousand plays,572000,8 Jun 2026
Snake Puzzle,https://www.youtube.com/playables/UgkxqqC0gVK19yJlkIpAuUKVLKJC3wG3P1bH,Brain and puzzle,568 thousand plays,568000,22 May 2026
Robot Rush,https://www.youtube.com/playables/Ugkxv-7m9o0Eu-fj7lWP3-xdK6ONGtbEUM1l,Arcade,567 thousand plays,567000,29 Jun 2026
My Army Base,https://www.youtube.com/playables/Ugkx8P0Q-QKOEXt5cyduXnX1T6GelDjwQXIx,Simulation,566 thousand plays,566000,17 Aug 2026
Magikmon,https://www.youtube.com/playables/UgkxSQfBM8kUdd7BGKO_YTgTGigxHD-bMPxy,RPG and strategy,566 thousand plays,566000,11 Feb 2025
Car Crash Sandbox,https://www.youtube.com/playables/UgkxPK1Y0d37P08I1R3JLmuugfFzPOlwcgEZ,Racing,565 thousand plays,565000,21 Aug 2026
Vex 9,https://www.youtube.com/playables/UgkxRyC06HyuOk6Ep0Nbt63xtOc1gmWI4R4Y,Action,564 thousand plays,564000,29 Jun 2026
Star Journey Nonogram,https://www.youtube.com/playables/UgkxQQWFuN9ZseiP2WjKwNZCkneg1lEl3MfN,Brain and puzzle,564 thousand plays,564000,29 May 2026
Tiny Ants,https://www.youtube.com/playables/UgkxvVHa7QEFeXHHgK4vIoj0lUObovzyQXTi,Simulation,561 thousand plays,561000,7 Aug 2026
Slither Snake Classic,https://www.youtube.com/playables/Ugkxc-7liO5FzN4Mg68LVmlH-lc0MsgdXH64,Arcade,561 thousand plays,561000,30 Jul 2026
Stealth Ninja!,https://www.youtube.com/playables/UgkxX1Bygv9bMtjsqQqvSlse1mfsaYzh0LBi,Arcade,560 thousand plays,560000,17 Jun 2026
Runners Vs Cars,https://www.youtube.com/playables/UgkxPwaww8yX71YNE0JUvDOUbb0sUHs0NGMO,Racing,552 thousand plays,552000,26 May 2026
ASMR Mahjong: Daily Match,https://www.youtube.com/playables/UgkxvQqEF8EZgcppLl9rpSXzO5pOJlAJyUWp,Brain and puzzle,551 thousand plays,551000,17 Mar 2026
Tanks vs. Planes,https://www.youtube.com/playables/UgkxKaneqJANy464pKQldY9aWtrZ3Y5MVcKN,Action,549 thousand plays,549000,18 Nov 2025
Echo Chess,https://www.youtube.com/playables/Ugkx_tMEEGIyD-39rqjxZD2TSrQIUqWH9fmq,Multiplayer,549 thousand plays,549000,
Fishing: Catch the Secret Brainrot,https://www.youtube.com/playables/UgkxDKW03Df2Yb3U26T1wtyp_W_lFVa_JaCN,Simulation,547 thousand plays,547000,1 Aug 2026
Pogo Rush,https://www.youtube.com/playables/UgkxMeElv8Dq8wBR7eZn_fv00cCfAhT38vcW,Action,541 thousand plays,541000,17 Jul 2026
Pool Club: 8 Ball Billiards,https://www.youtube.com/playables/UgkxY3IMUz6zeMKj53188Q3stEIwVi6BKQdT,Sport,541 thousand plays,541000,3 Jun 2026
Highway Hero,https://www.youtube.com/playables/Ugkx-2DIXYsm5JGRvvTcYE4bjWQlsQU8WhOK,Racing,536 thousand plays,536000,2 Apr 2026
GeoGuessr - Daily Game,https://www.youtube.com/playables/UgkxAbBmW6nhPIhKwP-MwXXNUo_5Oejh7Eyw,Multiplayer,Daily Game – 536 thousand plays,536000,
One Man Tower,https://www.youtube.com/playables/Ugkxitd2pYbdHAxO1EzdbsS2YLcoGy0uqb-D,Arcade,528 thousand plays,528000,3 Jul 2026
Snake Escape Puzzle,https://www.youtube.com/playables/UgkxkjJ2r_CcQhdJPj1bd20qoxkicraF1AoC,Brain and puzzle,528 thousand plays,528000,27 May 2026
Pop Glide 3D,https://www.youtube.com/playables/UgkxBMbqItmjBto8WYiCxGhViQKjvzREiGh3,Arcade,528 thousand plays,528000,24 Mar 2026
Cat Number Match,https://www.youtube.com/playables/UgkxSBcOju_GlpJX0OuuzvfD_jl6pTFV7Vks,Brain and puzzle,527 thousand plays,527000,27 Jan 2026
Candy Riddles,https://www.youtube.com/playables/Ugkx_arFoRWuGbM3H6mgTR2japXzWlXdbvhD,Brain and puzzle,524 thousand plays,524000,2 Dec 2025
Goat Escape,https://www.youtube.com/playables/Ugkxd9kUId2qcF1-1A6_RafNBQw3TMTxAsgC,Arcade,519 thousand plays,519000,26 May 2026
Bounce Tiles 3D,https://www.youtube.com/playables/UgkxJSbskTLhg3pmU56j7eIUFcYvD_Ab2pLd,Arcade,518 thousand plays,518000,17 Feb 2026
Dress Up 3D,https://www.youtube.com/playables/Ugkx6OVhIZk5euEJb9_sozx7cW5TqYbE1oAx,Simulation,515 thousand plays,515000,7 Aug 2026
Car Jam Solver,https://www.youtube.com/playables/UgkxBdxuv8zinaIHfUF4Xf0ICOxMt4JjTOzY,Brain and puzzle,514 thousand plays,514000,30 Jul 2026
2048 Drop Balls,https://www.youtube.com/playables/Ugkxf4Xdm2ehBDYPfD_1A1O9eOQzzVWy-QTg,Arcade,513 thousand plays,513000,28 May 2026
Cooking with PomPom,https://www.youtube.com/playables/Ugkx23h86AJN9T0MkVR3_IqntXHcbUv799aw,Simulation,511 thousand plays,511000,3 Feb 2026
Build a Rollercoaster: Simulator,https://www.youtube.com/playables/UgkxGPePqbsHn-8D6rYwWHrM17p54HsZrdIw,Simulation,510 thousand plays,510000,21 Aug 2026
Word Search,https://www.youtube.com/playables/Ugkx2HOZnuSgbnqDNRZkQAFx7lxmNjRQrmmO,Trivia and word,510 thousand plays,510000,9 Jun 2026
Car Out,https://www.youtube.com/playables/Ugkx51PF5cKfHWe07pbbGBJ9yEjDl5zdOH06,Brain and puzzle,509 thousand plays,509000,10 Aug 2026
Cozy Coloring,https://www.youtube.com/playables/UgkxYg6kSOiQuvDNuHk7HvR0t5uMC1KXSIzJ,Brain and puzzle,504 thousand plays,504000,9 Jul 2026
Squad Assembler: Merge,https://www.youtube.com/playables/UgkxOikLrsntr8GDoptM0vTWvyn_UpATQR3w,RPG and strategy,499 thousand plays,499000,20 May 2026
Tic Tac Toe Evolved,https://www.youtube.com/playables/Ugkxj6wvhfQPXWGV1-b0IiH3kliWkb25EzqU,Board and card,487 thousand plays,487000,3 Mar 2026
Color Hole Frenzy,https://www.youtube.com/playables/UgkxGR2TnDd3W1irn2bJlT2xFvMiqYFPwBbZ,Brain and puzzle,485 thousand plays,485000,30 May 2026
Craft Car DIY,https://www.youtube.com/playables/UgkxHNWuZ3IhO2ipRB7ehxi40th7jOqjR8po,Racing,479 thousand plays,479000,11 Aug 2026
Save The Baby,https://www.youtube.com/playables/UgkxJTLqN0C7BTmTyOph3AAICQjOG607EV7l,Brain and puzzle,478 thousand plays,478000,8 Aug 2026
Missile Smash,https://www.youtube.com/playables/Ugkxri8L-KM7obcxBswd3ClN-p6UbfhPtpCz,Simulation,477 thousand plays,477000,17 Mar 2026
Master Chess,https://www.youtube.com/playables/Ugkxrc0F-qy0A6alHI3C43ZCNW042yeFaot1,Board and card,476 thousand plays,476000,5 Jun 2026
Study Zone,https://www.youtube.com/playables/UgkxgBZDx2AFs-uREdVzS4P4-Tst2rM4M6f3,Brain and puzzle,474 thousand plays,474000,16 Dec 2025
Jail Escape,https://www.youtube.com/playables/Ugkxf2SBqj9PnKzjXEMGu-8Am3yGk8KxLbr2,Brain and puzzle,473 thousand plays,473000,3 Jul 2026
Cyber Arena - FPS Battle,https://www.youtube.com/playables/Ugkx-TZ5rOg3z7C5kAMXFjr0kPO2MPf4GnH5,Action,FPS Battle – 472 thousand plays,472000,27 Jul 2026
Puzzle Blocks Classic,https://www.youtube.com/playables/Ugkx-kw-Idcg6Ab7ZUKy0RH5sAEJhSOzgqyh,Arcade,472 thousand plays,472000,6 Jul 2026
Wheelie How Far Can You Go?,https://www.youtube.com/playables/UgkxgKI7zhKZpNFWJYbaohe3TT_sUiuPXz5H,Racing,470 thousand plays,470000,21 May 2026
Cobra Tower Defense,https://www.youtube.com/playables/Ugkxeb4tehQzY7ZuUA9z2CUMuYfUcXP-w_68,Action,468 thousand plays,468000,16 Apr 2026
Crystal Canvas,https://www.youtube.com/playables/UgkxfGLwZnFqVSAWpA8J5KN5VX2SDi689wA4,Brain and puzzle,462 thousand plays,462000,9 Jul 2026
Hill Climber,https://www.youtube.com/playables/UgkxW7Xiar5nJs92igKW809Mv6nwVK3mna_U,Arcade,459 thousand plays,459000,2 Aug 2026
Lifeplaysim – A Simulation of Evolution and Life,https://www.youtube.com/playables/Ugkx9anwy64X2NKY2AQAvMz92yNHnvhiAlDR,Simulation,A Simulation of Evolution and Life – 459 thousand plays,459000,10 Jun 2026
Ludo Star,https://www.youtube.com/playables/UgkxR_ANXHLKs6MBrbGOMuiupjq7Oww08Wgg,Board and card,455 thousand plays,455000,3 Apr 2026
Slice & Soar,https://www.youtube.com/playables/UgkxNeCL3GnyaIqVNoSGcqGAxgJ6hj3wkQTM,Arcade,454 thousand plays,454000,28 Jul 2026
Tasty Match - Tile Connect,https://www.youtube.com/playables/UgkxC4w66FEKWnzHfFwf31LBhjvalFPcxKTC,Brain and puzzle,Tile Connect – 449 thousand plays,449000,31 Mar 2026
Sling Kong,https://www.youtube.com/playables/UgkxUER769QVwihy_IsbEdySbIF-comzolI6,Arcade,449 thousand plays,449000,10 Mar 2026
Glass Cutter ASMR,https://www.youtube.com/playables/UgkxR4RRNGMjEr_mUNYg_dyl8E1jMgpzsaYs,Brain and puzzle,448 thousand plays,448000,3 Feb 2026
Skillful Finger,https://www.youtube.com/playables/Ugkxev-8udw93vHsCApOcCNQ2dS9gPV5Nw_E,Arcade,446 thousand plays,446000,15 Apr 2026
Reagents!,https://www.youtube.com/playables/UgkxbGePhd8oyd4XQmddDmnddN3Sl-Gni2as,Brain and puzzle,444 thousand plays,444000,13 Apr 2026
Stud Rider,https://www.youtube.com/playables/UgkxgXKcdKYCcsn7h4KTbTJ_yQ1lcSQM0sxv,Racing,442 thousand plays,442000,14 Aug 2026
Block Blast,https://www.youtube.com/playables/UgkxTFF99vkN3UUZkXkR-Hxa-1ldsfFvkLVW,Arcade,441 thousand plays,441000,30 Jun 2026
Heart Box,https://www.youtube.com/playables/UgkxUxstMAJQ3CW45hCxQ-uBL8bdAybd_SXH,Brain and puzzle,441 thousand plays,441000,1 Jun 2026
Pizza Tower,https://www.youtube.com/playables/UgkxryPDyqgoHMNNdZ0tjQBDgTYW-Zal-Bfq,Arcade,440 thousand plays,440000,2 Jul 2026
Dirt Runner,https://www.youtube.com/playables/Ugkx_simu46TDVjjmKZdirw90naSGwPx3c3z,Arcade,439 thousand plays,439000,16 Dec 2025
Puzzle Block Master,https://www.youtube.com/playables/UgkxO17W79QweElJPIAxQarglgnB1LhF9s_2,Brain and puzzle,434 thousand plays,434000,23 Jun 2026
AZ Merge,https://www.youtube.com/playables/UgkxMSfWzGFAktD_T7HJJE-NNxDgB-19wuJo,Arcade,433 thousand plays,433000,18 Jun 2026
Moto Dash - Endless Bike Racing,https://www.youtube.com/playables/UgkxemTEs-IgPcDUoBm4v6VUUFkFozpRr1H-,Racing,Endless Bike Racing – 432 thousand plays,432000,1 Aug 2026
Jigsolitaire,https://www.youtube.com/playables/Ugkxfnb4cNpYt8bkszyIM6JdyCbWLh1GayeS,Brain and puzzle,430 thousand plays,430000,17 Jul 2026
Bus Sort Jam,https://www.youtube.com/playables/UgkxDs-3rcBoWGz1SzmvmE8cN8E6y7U8z7MP,Brain and puzzle,430 thousand plays,430000,24 Mar 2026
Doll GlowUp,https://www.youtube.com/playables/Ugkx8bGykd8Qdf7bNLE0uXMj74KbczbBa8Cg,Simulation,429 thousand plays,429000,6 Aug 2026
Tile Guru: Match Fun,https://www.youtube.com/playables/UgkxBx0BrfpAkQpi2fzZJvxPUy_lONFycygj,Brain and puzzle,429 thousand plays,429000,25 Nov 2025
Subway Princess Runner,https://www.youtube.com/playables/UgkxqMZ9KGkvNYF3dz4boTOR7C28t8EtM2ce,Action,427 thousand plays,427000,11 Aug 2026
Flingaling,https://www.youtube.com/playables/UgkxkIrhqn4IozdHHwzAvkYqNeWARF1d9qfg,Brain and puzzle,427 thousand plays,427000,16 Dec 2025
Sky Drop,https://www.youtube.com/playables/Ugkx_G6zz7OW0N_ASxI3o0J_iIdUsQ3ql5Z8,Action,425 thousand plays,425000,3 Mar 2026
Makeup Hole,https://www.youtube.com/playables/UgkxZyqj_jcW1mbok5UugXcfrIlyHLeqcBnK,Arcade,424 thousand plays,424000,29 Jun 2026
Fierce Shot,https://www.youtube.com/playables/Ugkx2IGCa-2q60dTGpw9HWn_JzsLqSOivMzH,Sport,424 thousand plays,424000,12 May 2026
3D Sandbox: Battle of the Kingdoms,https://www.youtube.com/playables/UgkxI7Pmrww_akkQnIH5C7-XApMq6ZP1oo6b,Simulation,422 thousand plays,422000,10 Jul 2026
Hidden Objects: Island Secrets,https://www.youtube.com/playables/Ugkxj27ahBKYYhyuDsbxVw3NmvXfLI0A-8rO,Brain and puzzle,418 thousand plays,418000,18 May 2026
2 Minute Football QB Legend,https://www.youtube.com/playables/UgkxKvh1Y3fTyiNWeYlzj07lnY7QhR84OU0N,Sport,413 thousand plays,413000,7 Jul 2026
Marbles Garden,https://www.youtube.com/playables/UgkxRTKK2UVzp3qO7FEJ7InK0S07atIRzCHX,Action,412 thousand plays,412000,30 Sept 2025
Stack Up 3D,https://www.youtube.com/playables/UgkxXqtl8vjH8sHwHpsjZBgW3LRdd0gVPC3q,Arcade,411 thousand plays,411000,24 Mar 2026
Elemental Monsters: Merge,https://www.youtube.com/playables/UgkxYGDDBcGY1Zab4482uvAluNaszfql8MJ9,RPG and strategy,410 thousand plays,410000,29 Jul 2026
Ultimate Sudoku,https://www.youtube.com/playables/UgkxgIkuNwas0Hwu8sSD-L59_SEILbPlwkz0,Brain and puzzle,410 thousand plays,410000,21 May 2026
Sugar Cube,https://www.youtube.com/playables/UgkxQuuX20KKBe2wNiSgdc-QR3P--hL6HdNx,Brain and puzzle,407 thousand plays,407000,16 Dec 2025
Fruit Cube Blast,https://www.youtube.com/playables/UgkxnumNuXF3sQR7UFRi2m3j71gfyPHbw80S,Brain and puzzle,406 thousand plays,406000,2 Apr 2026
Super Matino,https://www.youtube.com/playables/UgkxmLZ5hdCDG4F9juUVJUMKb5YbcfGAXGiM,Brain and puzzle,405 thousand plays,405000,18 Jun 2026
Samurai Survival IO,https://www.youtube.com/playables/UgkxsHN0mqp9rERiZ842whn0rPMQeSTOQ9zf,Action,404 thousand plays,404000,28 May 2026
Chicken Merge,https://www.youtube.com/playables/Ugkx8Ymh5Mx3tR2fBd3JjTK5Ktt7o7YZzVzK,Action,400 thousand plays,400000,23 Jul 2026
Bubble Master,https://www.youtube.com/playables/UgkxxE7Gv0QGJai8h4HbFZyZ8EMpRzbGe88y,Arcade,400 thousand plays,400000,22 Jun 2026
Draw the Rest,https://www.youtube.com/playables/UgkxbLAGxx1-WYaUiKQgsUlGRAnxQvyDMOn1,Brain and puzzle,394 thousand plays,394000,7 Jul 2026
Stickman: Legacy of War 3D,https://www.youtube.com/playables/UgkxO7hgC7CLieaBV1iSyRkug2rGm6T2lLLh,Action,392 thousand plays,392000,21 May 2026
HOU$LE,https://www.youtube.com/playables/UgkxSyOqlgrmMMaATbEmjxZciAw7UClKl6X1,Brain and puzzle,385 thousand plays,385000,22 Oct 2025
Conquer.io,https://www.youtube.com/playables/UgkxzCHNgH1KuP9l_Yh6cyS4ZMtN_OBkxT_q,Arcade,383 thousand plays,383000,1 Jun 2026
Tallman Classic,https://www.youtube.com/playables/Ugkxo1Ij0UMQXV0xaCX_EXg4W-dINJMek8Yz,Arcade,382 thousand plays,382000,3 Aug 2026
Jigsaw Blocks,https://www.youtube.com/playables/UgkxPfMYBWHq86etjirGqibHnwVypBuf4Vl1,Brain and puzzle,381 thousand plays,381000,10 Jul 2026
Parking Jam Bus,https://www.youtube.com/playables/Ugkx2CnVZF--iREiuayV_e1aLLqWZEwxBEHT,Brain and puzzle,381 thousand plays,381000,17 Mar 2026
Lift It Up,https://www.youtube.com/playables/Ugkx1goMeOyt_1fcauWPwDi2XOZwMHoX-MUV,Arcade,379 thousand plays,379000,17 Jul 2026
Pool Shooter Pro 🎱,https://www.youtube.com/playables/UgkxaxTAror5HrkMoTHUnrVvbIvNL8ix99is,Arcade,379 thousand plays,379000,9 Jun 2026
Fieryluigi's Boredom Beatdown,https://www.youtube.com/playables/UgkxIKUrRMQZSz6tQ7X8EKnrXrZ_5DHUD5Ku,Arcade,379 thousand plays,379000,28 Jan 2026
Prison Guard -  Idle Tycoon,https://www.youtube.com/playables/UgkxBR1-EHY2GXD4ZnJqT9716xq1wDdRHa75,Simulation,Idle Tycoon – 377 thousand plays,377000,25 May 2026
Rolling Ball 3D,https://www.youtube.com/playables/UgkxNX5JUXLFCGWIpjkbsuuzohBX5aR9p2zD,Brain and puzzle,376 thousand plays,376000,11 Aug 2026
Unpark Jam - Block Puzzle,https://www.youtube.com/playables/UgkxTxfBq6iOiJwGXRMSGG8zI0REURTpXroj,Brain and puzzle,Block Puzzle – 375 thousand plays,375000,1 Apr 2026
Stair Master 3D,https://www.youtube.com/playables/Ugkx87j7_fdI3AUKMkfe0Chu-w3O6PKIxLNA,Arcade,374 thousand plays,374000,5 May 2026
Pizza Inc.,https://www.youtube.com/playables/UgkxOTqK6a2_6ChV0IEN39C8HVRNNaDNa_St,Simulation,372 thousand plays,372000,19 Aug 2026
Merge Fruit Characters,https://www.youtube.com/playables/UgkxaM7EGH_6-xCocmbLsNvy_tN9hopl_kOU,Arcade,372 thousand plays,372000,7 Jul 2026
Summon Dragon,https://www.youtube.com/playables/UgkxIbW4cBvh-pFHZzfKngAXWRvzHzuzhH3V,RPG and strategy,371 thousand plays,371000,28 Jul 2026
Soccer Random,https://www.youtube.com/playables/UgkxP_ILIV04teXceNlNKBMdxSEQNl--hyut,Sport,368 thousand plays,368000,20 Jun 2026
Slide Drop: Block Puzzle,https://www.youtube.com/playables/UgkxP6wRqe2de-f6saENFMOjM-vuGsn-aAEm,Brain and puzzle,368 thousand plays,368000,3 May 2026
Magic Kingdom: Hex Match,https://www.youtube.com/playables/UgkxOe68EYG13l4-YUFtf9KCR6K6ADaf0R53,Brain and puzzle,367 thousand plays,367000,24 Feb 2026
Micro Blocks - Match Puzzle,https://www.youtube.com/playables/UgkxcKBBugM6WACIRqAAHNeOnbdLipKBnunH,Brain and puzzle,Match Puzzle – 367 thousand plays,367000,17 Feb 2026
Tidy Quest,https://www.youtube.com/playables/UgkxVEDo6Y-xwBcXBKlr3RfEHEMKYxRDxaiz,Brain and puzzle,363 thousand plays,363000,7 Aug 2026
Riff Runner,https://www.youtube.com/playables/UgkxuBD_ZmIEtpYzWyau3iI-7YMbHkr4Sg8S,Music,363 thousand plays,363000,27 Oct 2025
Cosmic Cookout: The Great Cow Heist,https://www.youtube.com/playables/Ugkxds1rPQlzp8LT7AqxD4NL4gGeA-k-WNxP,Arcade,361 thousand plays,361000,16 Dec 2025
Math Runner,https://www.youtube.com/playables/UgkxPQTILIkFv0-tz3mbs5MjjfRxrdDpHplV,Brain and puzzle,360 thousand plays,360000,3 Jun 2026
Merge Dragons: Raising Legends,https://www.youtube.com/playables/UgkxAq2Gx6AyLi6j8J2dmjA4HICVPwl4qgWn,Arcade,360 thousand plays,360000,3 Jun 2026
Xeno-Rancher: Endless Harvest,https://www.youtube.com/playables/UgkxNN5Huo4kx3rAfLwxoMVAz3cg_Rb-eL8B,Arcade,Rancher: Endless Harvest – 359 thousand plays,359000,16 Dec 2025
Restaurant Empire,https://www.youtube.com/playables/UgkxwQnI-nrRU80b9fZ5hfpxFMbluuG5yJTY,Simulation,358 thousand plays,358000,1 Aug 2026
Merge Evolution: Idle Clicker,https://www.youtube.com/playables/Ugkx8B_g-f8WecPueJGf9KcFm1BTTI7WlmL5,Brain and puzzle,358 thousand plays,358000,4 Jun 2026
Snack Sort,https://www.youtube.com/playables/UgkxUQUpL7vJV-BZScOBvwTwWNfpbGASMrjC,Brain and puzzle,357 thousand plays,357000,3 Mar 2026
Hungry Hole,https://www.youtube.com/playables/Ugkx_BT_QgRory5WQzSqY2ZBW-D2qE9SDvxY,Arcade,355 thousand plays,355000,23 Jul 2026
Colossatron,https://www.youtube.com/playables/UgkxNLLgC3YotkBMX15uMQ7fT2GY3KEbX2JG,Arcade,355 thousand plays,355000,2 Jun 2026
Fill The Spots,https://www.youtube.com/playables/UgkxW62vHWau5xRKYTktIRF1IeUbbQ2IE7kA,Brain and puzzle,353 thousand plays,353000,17 Mar 2026
Pet Card Sort Collect Em All,https://www.youtube.com/playables/UgkxeWepVVZcowzVaTU1c6To8bc9lXBhcbHS,Brain and puzzle,353 thousand plays,353000,17 Feb 2026
Dart Balster Fps Challenge,https://www.youtube.com/playables/UgkxDInJ4TbguxKG7EK_pGySbdj_5nGS6U93,Simulation,348 thousand plays,348000,26 Jun 2026
Dart Blasters Tower Race,https://www.youtube.com/playables/UgkxhGi93JpYkqWc470wDOBjYkD4c2X1s_XQ,Arcade,346 thousand plays,346000,22 Jun 2026
Zig Zag Challenge,https://www.youtube.com/playables/UgkxHokDnczOk5EbpPRdqbE2D-3RTfduMoKR,Arcade,346 thousand plays,346000,24 Feb 2026
Gem Sort,https://www.youtube.com/playables/Ugkx8jmoAhvl2ImU21G-nOyYjQQsAGuRRlDK,Brain and puzzle,346 thousand plays,346000,10 Feb 2026
Speed Cuber,https://www.youtube.com/playables/Ugkx5wp0OqvEBq3G_nXnJ2XQwnlOCj2fBSb8,Brain and puzzle,346 thousand plays,346000,16 Dec 2025
Fragments,https://www.youtube.com/playables/Ugkx4ghIJufz1sYP7FS0tgD3bGIi-iIJRFef,Arcade,344 thousand plays,344000,18 Nov 2025
Railroad Master,https://www.youtube.com/playables/UgkxXTMLRrgpbfHQUvJdmLyp7XWtRdSvHHWt,Simulation,343 thousand plays,343000,16 Aug 2026
Tropic Island Tycoon,https://www.youtube.com/playables/Ugkx-SB4exGiqIyWNqs9wV0NZqMMYD5WJcXI,Simulation,343 thousand plays,343000,10 Aug 2026
Bike Racing,https://www.youtube.com/playables/UgkxfpY_LlGn4aUOFhv0rD1qWvdrfdSoWJpc,Action,341 thousand plays,341000,12 Aug 2026
Daily Solitaire Classic,https://www.youtube.com/playables/UgkxpYPkA_ss12QHnADT1HdQ74Ue2tgi5Z-v,Board and card,341 thousand plays,341000,19 Jun 2026
Love Rush,https://www.youtube.com/playables/UgkxmjHuulFtbQ5wYrKSxO8mHntRmX6muFym,Brain and puzzle,340 thousand plays,340000,21 Jul 2026
Hidden Object: Street Of Secrets,https://www.youtube.com/playables/Ugkxz461_97qYqINca-pqV098UViDCCrCBrr,Brain and puzzle,340 thousand plays,340000,29 May 2026
Zooma Marble Blast,https://www.youtube.com/playables/Ugkxf5lCVQBE99duD9_K9Aloh1UlWSieWcF7,Brain and puzzle,340 thousand plays,340000,20 Jan 2026
Chicken Merge 2,https://www.youtube.com/playables/UgkxKQtElIt5IBe7e7tkAqXgtJghWSDqT6dr,RPG and strategy,339 thousand plays,339000,15 Jul 2026
Brick Builder,https://www.youtube.com/playables/Ugkx14eSrwUu1aSN_UwxhsE8HZnk7XWMz74j,Simulation,338 thousand plays,338000,12 Aug 2026
Astrominer,https://www.youtube.com/playables/Ugkxq2NrKDyL_WZzhl2uwZlBr-20vKPbUx5q,Arcade,337 thousand plays,337000,16 Dec 2025
Cube Merge 2048,https://www.youtube.com/playables/Ugkx8B6ovXGScGn8d1KRCzd2_-pf8bTpSImB,Brain and puzzle,336 thousand plays,336000,9 Jun 2026
Grill Sort,https://www.youtube.com/playables/Ugkxb8MSls1ye18RXxTmhM-UPQPlTj6n2e6-,Brain and puzzle,335 thousand plays,335000,3 Aug 2026
Don't Tap!,https://www.youtube.com/playables/Ugkx3VhJgTOj5yiHI9c1lhaaUbn8gE4Htrm5,Arcade,333 thousand plays,333000,14 Aug 2026
Wool Weave - Block Escape,https://www.youtube.com/playables/UgkxE0myJAJuqzGnaSUormilA11pSVlKh3f3,Brain and puzzle,Block Escape – 332 thousand plays,332000,20 Jan 2026
Hyper Wave Challenge,https://www.youtube.com/playables/UgkxpmmJcWUaEfW8qRP10i0hIkPXDm-E0Fl0,Arcade,331 thousand plays,331000,30 Jul 2026
Cook Soups: 3 in a Bowl,https://www.youtube.com/playables/Ugkx7cb9anqEat6wCMiyf_9f7PzNNT83nBG9,Brain and puzzle,331 thousand plays,331000,4 Jul 2026
Muscle Car Tycoon,https://www.youtube.com/playables/UgkxwfI8tj2EhsJ78CGPFIux_5S0OKfA8Dn8,Simulation,328 thousand plays,328000,28 Jan 2026
Global Idle Airline Tycoon,https://www.youtube.com/playables/UgkxBQvWT29YekXg2MPyUNQpALfZ0Z9GjvBD,Simulation,326 thousand plays,326000,6 Aug 2026
Line of Battle,https://www.youtube.com/playables/UgkxRt8cp4ov-xfnYSSQLfjoRbmRSY6gWPs2,Arcade,325 thousand plays,325000,16 Dec 2025
Hamster Shelter,https://www.youtube.com/playables/UgkxonAqO77HYeI3ZkOtJTQ0Ezk1yJ2c6aJR,Simulation,321 thousand plays,321000,2 Jul 2026
Snake of Bullets: Collect and Shoot!,https://www.youtube.com/playables/UgkxdXnZjQ1eYwkrnINo2zMml5nYSFUWm6MH,Action,320 thousand plays,320000,11 Aug 2026
Drop,https://www.youtube.com/playables/UgkxzSTDQzc27bLaeEDZO-XFH1pFuDbxFdGI,Arcade,320 thousand plays,320000,16 Dec 2025
Unscrew it!,https://www.youtube.com/playables/UgkxMUdbPlAtr0nOXMLSSWKBdg0j2B3D0bQk,Brain and puzzle,319 thousand plays,319000,26 Jun 2026
Chill Puzzle Solitaire,https://www.youtube.com/playables/UgkxmCvjigYDy4XCL5QE_sZ5kM5HKoDMgSXD,Brain and puzzle,319 thousand plays,319000,10 Feb 2026
Bucha Blocks,https://www.youtube.com/playables/UgkxZaD0ojANiK6sANujDTMqZPxTPqTM9msr,Arcade,319 thousand plays,319000,16 Dec 2025
Gender Party Run,https://www.youtube.com/playables/Ugkxrzw2SzCKCRGmQ9KgbfCP00cf24qVMijm,Arcade,315 thousand plays,315000,13 Aug 2026
NumMatch: Logic Puzzle,https://www.youtube.com/playables/UgkxuF2NHS6MlF23a9202ZAQtSbINhdJxblF,Brain and puzzle,312 thousand plays,312000,28 Apr 2026
Pack and Go,https://www.youtube.com/playables/UgkxqRowfdJl4cGRyo4TVmjOMdiPBJI6Jo9d,Brain and puzzle,310 thousand plays,310000,6 Jul 2026
Batwheels: Smash-n-Run,https://www.youtube.com/playables/UgkxsgqSecFzMQhmRjHq2m1jjxKLVBIlKU7N,Arcade,n-Run – 309 thousand plays,309000,5 Jun 2026
Chess Puzzles Collection,https://www.youtube.com/playables/UgkxL1qREKni-hZ9TLBhkqNTT9XCDUTC2GhQ,Board and card,309 thousand plays,309000,23 Dec 2025
Emergency Jam,https://www.youtube.com/playables/UgkxAEvNz585HpzEBjK2zKeeQs4mTSmF28O-,Brain and puzzle,308 thousand plays,308000,9 Jun 2026
Peanut the Guinea Pig,https://www.youtube.com/playables/Ugkx1vXXsdmYbWWEiqBWiYGcNIjVLb0zxfO8,Simulation,308 thousand plays,308000,10 Feb 2026
Stone Master,https://www.youtube.com/playables/Ugkx-bTRYj1yd7x0CdLOYiEklM_bwMxW6TAq,Arcade,307 thousand plays,307000,11 Aug 2026
Arc Driver,https://www.youtube.com/playables/UgkxQ7lgm7N7gnuYIcZKoGPPW3-U8TMSqrqp,Arcade,307 thousand plays,307000,9 Aug 2026
Merge a Mansion,https://www.youtube.com/playables/UgkxqAZVX0Tigp3r2BBEvJlz9clmHqEE4mEu,Brain and puzzle,305 thousand plays,305000,6 Aug 2026
Space War,https://www.youtube.com/playables/UgkxSTPgXMgXSfO5YAoBNF_CcmtzrbHMXJLc,Action,305 thousand plays,305000,15 Jul 2026
The Poolrooms Maze,https://www.youtube.com/playables/UgkxfjxJN34_fCR5t5Vok7RsRC9GEpddpkh4,RPG and strategy,305 thousand plays,305000,5 Feb 2026
Eat the Mall,https://www.youtube.com/playables/UgkxwhB4LHQpdFn2Rt5JXlTEEj3DXINJzp3o,Brain and puzzle,301 thousand plays,301000,9 Jul 2026
Save The Guy,https://www.youtube.com/playables/UgkxyJVjyxY8OjASFapaoEnL3wyAkLY6JfOj,Brain and puzzle,301 thousand plays,301000,30 Jun 2026
Cups Up,https://www.youtube.com/playables/Ugkx8UefRd3Swbp1cQW0NYzwJXR-SyMnO2-I,Arcade,300 thousand plays,300000,4 Jun 2026
Piano Hero,https://www.youtube.com/playables/UgkxWRt06QmznyI6ZCBDaoT8ubn7rCG3gK_r,Music,299 thousand plays,299000,7 Aug 2026
Run Shoot Run!,https://www.youtube.com/playables/Ugkxxb4Wyc9ps5zhBuNp_vCYcSi5VYW-YUIY,Action,298 thousand plays,298000,12 Aug 2026
Knife Hit,https://www.youtube.com/playables/UgkxNguNBlLWaT_6VJSX5sp2qgFtTJDJ6sCn,Arcade,297 thousand plays,297000,17 Jul 2026
Space Shifter,https://www.youtube.com/playables/Ugkxt1hcOBUxknZ6ku-FDNrY1A4mt5t8kZAY,Action,297 thousand plays,297000,27 Apr 2026
Tallman Go!,https://www.youtube.com/playables/Ugkx5NBoFFSdxbQRkm_MytFY1UWRTBSgurll,Arcade,296 thousand plays,296000,15 Aug 2026
Chess Online,https://www.youtube.com/playables/UgkxJ2GQ6x4wizbIR7BlI2BQJeJUgiN4n-PQ,Board and card,295 thousand plays,295000,11 Jul 2026
Nono Duck,https://www.youtube.com/playables/UgkxSyhy0_d8tZBldXIWNKTUUA_pTyI0u9Yi,Brain and puzzle,295 thousand plays,295000,14 May 2026
speedy manicure,https://www.youtube.com/playables/UgkxIPZ_yrQHLCFFz4F9FkF2gq00gOdN-arR,Simulation,295 thousand plays,295000,28 Jan 2026
Garage Boss,https://www.youtube.com/playables/Ugkxa4RGc4T4N3-r33-LwxaBovYUpVebEmFr,Simulation,291 thousand plays,291000,21 Aug 2026
Duck Sort Puzzle,https://www.youtube.com/playables/UgkxyB35tPMGoh_Kfz82s_IGHkI0-xcmOS7r,Brain and puzzle,291 thousand plays,291000,20 Jul 2026
Tiny Cars,https://www.youtube.com/playables/UgkxhzMUwndJA16aT-hv9eWV1xO_3q6k2SN-,Arcade,291 thousand plays,291000,3 Jun 2026
Bounce Go,https://www.youtube.com/playables/UgkxW62cYVG-lGMlskIPJFK0fyMBwbVkzuio,Action,289 thousand plays,289000,9 Apr 2026
6️⃣7️⃣ CHAOS,https://www.youtube.com/playables/UgkxB_69E9-xlDBcrvzC2HjgaP4G4V6sIh74,Brain and puzzle,288 thousand plays,288000,28 Jan 2026
The Captain's Coin,https://www.youtube.com/playables/Ugkx2PxVDj_iZwVKItRgh15g34GPs3DnIsii,Action,288 thousand plays,288000,18 Nov 2025
Drums Explorer,https://www.youtube.com/playables/UgkxYKsY8tTBDKHy1nzoF77rYFU4s2_Ils2_,Music,288 thousand plays,288000,9 Oct 2025
Hole Em All: Collect Master,https://www.youtube.com/playables/UgkxUFykL6HXqRS3vaPzZxPUCHO2H4HwxAb3,Brain and puzzle,287 thousand plays,287000,16 Jun 2026
Void Piercer,https://www.youtube.com/playables/UgkxNLIsXFbZUB0xEhLgappZDwkMO9HugYO5,Action,287 thousand plays,287000,28 Jan 2026
Beat Master,https://www.youtube.com/playables/Ugkx3ZJnCQWlFkHqhmr1yLCA1IoEq5Uj8dvu,Music,286 thousand plays,286000,20 Aug 2026
Idle Cowshed,https://www.youtube.com/playables/UgkxCj_m8HUw_-I1Wkfs5-oTXEM5kpwdd295,Arcade,286 thousand plays,286000,22 Jul 2026
Ball Connect: Color Dot Puzzle,https://www.youtube.com/playables/Ugkxsu3N2rsK78B2nEmkhwCxF8jr-aj0qcMI,Brain and puzzle,286 thousand plays,286000,10 Jun 2026
Trickshot Pool,https://www.youtube.com/playables/UgkxeGp_XRn3IhN7Qj0hCfezVyWbXEjLE_Sk,Sport,286 thousand plays,286000,9 Jun 2026
Draw Fly,https://www.youtube.com/playables/Ugkx4d1MsD3jGC9B4ZuOUI4CMyZOopgOwJg5,Arcade,284 thousand plays,284000,19 Aug 2026
Scary Rooms: Idle Horror,https://www.youtube.com/playables/UgkxnTdqRq6XmSerjOSwLKXw9unof_5WBAuZ,Simulation,283 thousand plays,283000,19 Aug 2026
Puppydoku: Queens Puzzle,https://www.youtube.com/playables/Ugkx5skLFyvoMzLXIu8X_iWX_tyFXCcpvkJr,Brain and puzzle,283 thousand plays,283000,18 Jun 2026
highway-patrol_judgment-shift,https://www.youtube.com/playables/UgkxCy6yvz7q-c_bBNOIkLb0OhwXA5q9LuHX,Simulation,patrol_judgment-shift – 283 thousand plays,283000,28 Jan 2026
CyberKnight,https://www.youtube.com/playables/UgkxMUCQ4jKJrfj8CV-4vQUqVQqZZFLTWL0e,Arcade,283 thousand plays,283000,18 Nov 2025
Dead Zone - Zombie Survival Shooter,https://www.youtube.com/playables/UgkxRP-yxbVI8oDdjGPmrPO3XGkwpAeWuPyB,Action,Zombie Survival Shooter – 281 thousand plays,281000,13 Aug 2026
Chasing Dubs & Sinking Subs,https://www.youtube.com/playables/UgkxyrAA0vAMRMB7O9GdvDn-ncr7NkRK59Py,Action,281 thousand plays,281000,28 Jan 2026
Checkout-Champion,https://www.youtube.com/playables/UgkxJgyTyUbD3RrldpBHI-Nj39rfkxgseqHG,Simulation,Champion – 279 thousand plays,279000,9 May 2026
Hook Swing,https://www.youtube.com/playables/UgkxkmmyON_GwhzOKjnw552dh84oR1YrOdHy,Arcade,276 thousand plays,276000,7 Jul 2026
Garden Bloom,https://www.youtube.com/playables/UgkxiKHtB-vm7z6-JugJRyrzZZPNBHS6p51w,Arcade,276 thousand plays,276000,14 Apr 2026
Countries of the World Quiz,https://www.youtube.com/playables/UgkxTghGaOnlxm5icyiJDiQUN9OZ4b3nt7y5,Trivia and word,274 thousand plays,274000,14 May 2026
Splash Rescue,https://www.youtube.com/playables/UgkxtEke9Ld1ew4e9ZVW9rtQAIJJRD4OwPwz,Brain and puzzle,273 thousand plays,273000,21 Jul 2026
Survive 9 to 5,https://www.youtube.com/playables/UgkxkC-qDSRr5qknMeT3TWBS3ksq2OXRGbs_,Arcade,272 thousand plays,272000,3 Mar 2026
Gun Baron,https://www.youtube.com/playables/UgkxHo2D_3zu3cosGeCXRcz85c8DZSxOcxj-,Simulation,270 thousand plays,270000,27 Jun 2026
Emoji Archer - Shooting Emoji,https://www.youtube.com/playables/UgkxlUP9UQEgPh6D0Stw1wk21rp1n_5cXD1Y,Brain and puzzle,Shooting Emoji – 269 thousand plays,269000,10 Aug 2026
Vocal Range Trainer,https://www.youtube.com/playables/UgkxH3vI0qX5xbmds25OUOSAD1aU1VEU-Die,Music,268 thousand plays,268000,12 Sept 2025
Air Hockey Go,https://www.youtube.com/playables/UgkxvJncF68CIGBg-wlyXQLldlxVvY4TmocL,Sport,267 thousand plays,267000,19 Jun 2026
Ball Sort Bicolor,https://www.youtube.com/playables/UgkxXbmxlpqwveBjbeoStm-QikPlrx8Zu4TP,Brain and puzzle,266 thousand plays,266000,10 Feb 2026
Foodie Sizzle,https://www.youtube.com/playables/UgkxzDax-9wGIBj1pf4mXB2OgADfdl925P31,Brain and puzzle,265 thousand plays,265000,28 Jul 2026
Dart Blasters 1v1,https://www.youtube.com/playables/Ugkx50sYF6XiZKn6f3T66iZQMjyqUfHP7JTm,Arcade,265 thousand plays,265000,8 Jun 2026
Wood Block Puzzle,https://www.youtube.com/playables/UgkxZjDuJs9zF7zlw5Q52CvGmLzsHkiZ-td9,Brain and puzzle,264 thousand plays,264000,30 Jun 2026
Sort The Blocks 3D,https://www.youtube.com/playables/Ugkxg0VgpULDakNkpFWB-N8_VtAMgIqbviqj,Brain and puzzle,264 thousand plays,264000,17 Mar 2026
Boom Lab,https://www.youtube.com/playables/UgkxWWL6kUWf9HwMN42NVE5lOwZ3otyFIC3Z,Brain and puzzle,262 thousand plays,262000,28 Apr 2026
Fieryluigi's Winter Escape,https://www.youtube.com/playables/UgkxhmSVkcQQXr0HKcWj5piow1Ddmq1y9uwU,Racing,262 thousand plays,262000,10 Feb 2026
Tumble Tac Toe,https://www.youtube.com/playables/UgkxZ9kOQjphq-KbeAkWtFPBh4TwCXAh-Io6,Board and card,261 thousand plays,261000,28 Jan 2026
Belt It: Tangled Rope Puzzle,https://www.youtube.com/playables/Ugkx6BELvF9CQv-jruBgg4fK1qSPhbkbDni3,Brain and puzzle,260 thousand plays,260000,12 Aug 2026
Glam Stylist by @uk4deegames,https://www.youtube.com/playables/UgkxhKqdMcPQbSq2GwkFQDjRjHxNrgi4P4nt,Simulation,258 thousand plays,258000,3 Aug 2026
Archer Legends - RPG,https://www.youtube.com/playables/UgkxkMRRTqbz2K7D_wyoKUbzRiKtUgr9-nfY,Action,RPG – 255 thousand plays,255000,10 Aug 2026
Ball Sort Puzzle,https://www.youtube.com/playables/UgkxT7vvqqWtH1p40A3AqMXmrPMxKaf8mTj2,Brain and puzzle,254 thousand plays,254000,29 Jun 2026
Conveyor Truck,https://www.youtube.com/playables/Ugkx40tGm-uLREv15lBdg-7bCFdVgmQpY4Ta,Arcade,253 thousand plays,253000,30 Jul 2026
Tic Tac Toe & XOX,https://www.youtube.com/playables/UgkxtTo8vFuveMWAYvYgQa1iF3UmLtv3HcDu,Brain and puzzle,253 thousand plays,253000,5 Jun 2026
Gecko Rush,https://www.youtube.com/playables/Ugkx7ORUw3kdZ4hi_tV2DgRnnDt7L0U5PWcY,Brain and puzzle,251 thousand plays,251000,21 Jul 2026
Quiverling,https://www.youtube.com/playables/UgkxvACKDVTy_a8lwjC8pkQE0ZKB0XTVUO0N,RPG and strategy,251 thousand plays,251000,23 Jun 2026
Tic Tac Toe - Classic X and O Challenge,https://www.youtube.com/playables/Ugkxdr74zfDN_BQ9nxFaRSXMadENET63RToF,Brain and puzzle,Classic X and O Challenge – 250 thousand plays,250000,30 Jun 2026
Screw Jam -  Bolts Nuts Puzzle,https://www.youtube.com/playables/UgkxvrMUhy_sZertVpeMyXv3WVGi4Q9xTcVf,Brain and puzzle,Bolts Nuts Puzzle – 250 thousand plays,250000,14 Apr 2026
PixelPeeker - Spot Odd Pixel,https://www.youtube.com/playables/UgkxFVPbIE0baU0is7uBFrhsRdfjYu0QpY6J,Brain and puzzle,Spot Odd Pixel – 250 thousand plays,250000,3 Mar 2026
FreeCell Solitaire,https://www.youtube.com/playables/UgkxY3lGy-gi2qRNUWoRsbVK2gBS0RLyUzqb,Board and card,250 thousand plays,250000,24 Feb 2026
Shawarma Watch,https://www.youtube.com/playables/UgkxXQ26StuvVi3dAKjGaCWZtG3rKoH-mBWI,Simulation,250 thousand plays,250000,9 Feb 2026
Hidden My Test!,https://www.youtube.com/playables/UgkxqbrkohPyUuDIiO5IAVu9pG2GHsO436DJ,Brain and puzzle,249 thousand plays,249000,21 Jul 2026
Screw Match - Nuts and Bolts,https://www.youtube.com/playables/UgkxO4UY20M2V3Po3YzdVfjANEfUFL2eqwMY,Brain and puzzle,Nuts and Bolts – 248 thousand plays,248000,21 May 2026
FAST FOOD SQUAD HUNTERS,https://www.youtube.com/playables/Ugkx1tAqoYPhUmjY0sDaDAsadVU6H6V_-mh3,Simulation,248 thousand plays,248000,7 Apr 2026
Jigsaw Solitaire,https://www.youtube.com/playables/UgkxAFM6scx6ufMhfeiP77w4NZUa1Rn9ChyY,Brain and puzzle,245 thousand plays,245000,3 Jul 2026
Sleepy Sheepy Clicker,https://www.youtube.com/playables/UgkxQOl0kYy17gBQcR4-1u2QFvUyPAmJXgD7,Simulation,244 thousand plays,244000,28 Jan 2026
Midnight Pool Classic,https://www.youtube.com/playables/UgkxBitQb5QJvd2qJOJNS8xrhNWZxTbsUz6C,Sport,243 thousand plays,243000,12 May 2026
Merge Dice,https://www.youtube.com/playables/Ugkx2NPAV7uo045my7gnfd5b713PpzhuaFTI,Brain and puzzle,243 thousand plays,243000,17 Feb 2026
Solitaire Classic,https://www.youtube.com/playables/UgkxjuCXEWWXb9wE74OSSo0ehomEGKTV2dJh,Board and card,242 thousand plays,242000,26 May 2026
Jigsawart Solitaire,https://www.youtube.com/playables/Ugkx437ATa6oLYbMtEmXEm8MAPcCLTuID7ue,Brain and puzzle,241 thousand plays,241000,24 Jul 2026
Dice Combo,https://www.youtube.com/playables/UgkxgfJ2iAVTIkVhPErjuS3bzx-o0aCkkjJy,Brain and puzzle,240 thousand plays,240000,30 May 2026
Forest Survivor,https://www.youtube.com/playables/UgkxhpdMxnGf6fUd3N22VycYssx8WuFnaRTH,Action,240 thousand plays,240000,28 Jan 2026
Feed Them All!,https://www.youtube.com/playables/UgkxNFwCt4iQsSr9t4o5YY3rZ5CWfUHhr7mL,Action,239 thousand plays,239000,29 Jun 2026
Fruit Fusion Pro,https://www.youtube.com/playables/UgkxPXJpxCh11X4QqKFCabByMcgU2cV_YGO8,Brain and puzzle,238 thousand plays,238000,15 Jun 2026
Arc Pursuit,https://www.youtube.com/playables/UgkxuW7AueTL5R3i97er4uRnFT-9OADmMAOU,Arcade,238 thousand plays,238000,2 Apr 2026
Numicolor,https://www.youtube.com/playables/UgkxRni8M7u9a2ObOkBhiWiTrgHcpgVq67t2,Brain and puzzle,237 thousand plays,237000,13 Aug 2026
Fortress Merge,https://www.youtube.com/playables/UgkxArhyTPyivjBgNlJGD61S3rIEe744raUd,RPG and strategy,237 thousand plays,237000,3 Jul 2026
The Hidden Antique Shop,https://www.youtube.com/playables/UgkxiRe2cOOdNqLy8hZtS6aKN8QqbHzl8lJb,Brain and puzzle,237 thousand plays,237000,23 Dec 2025
Wrong Lane Racer by @uk4deegames,https://www.youtube.com/playables/UgkxmxYWaZih-oqjskHOYtUPq1BaO_VWGe4g,Racing,235 thousand plays,235000,7 Aug 2026
Agami – A simple retro game,https://www.youtube.com/playables/Ugkx93hCYZsecMPVbCErcE_tDD1BhL1qmyCV,Arcade,A simple retro game – 235 thousand plays,235000,17 Jul 2026
Coin Merge Machine,https://www.youtube.com/playables/Ugkxj5NBiE_kmHVBiAClWPhG1sIO8CzNo5KP,Arcade,235 thousand plays,235000,25 Jun 2026
Emoji Merge,https://www.youtube.com/playables/UgkxEj7hcIEarXmdOx-6WSolcmcuMl12dElL,Brain and puzzle,235 thousand plays,235000,15 May 2026
Sheep Escape: Farm Sorting Challenge,https://www.youtube.com/playables/Ugkx3scjy5GNR50z-knQPLqo7xb2nYdpKRnz,Brain and puzzle,233 thousand plays,233000,13 Jul 2026
Machine Eater,https://www.youtube.com/playables/Ugkx5bdJa0ngb49p4q8poKHe1sPCApXs_vJX,Action,232 thousand plays,232000,18 Aug 2026
Whats The Word?,https://www.youtube.com/playables/Ugkx0dTu4up_CEl2_azCG4H7LUXMkXkA1u8v,Brain and puzzle,231 thousand plays,231000,4 Mar 2026
Screw Out Puzzle,https://www.youtube.com/playables/UgkxMwdzw1zxJbGeMOikqPF2MXbdXRuyMt8F,Brain and puzzle,230 thousand plays,230000,29 May 2026
Bubble Shooter HD,https://www.youtube.com/playables/UgkxfNFBbVfnEGQbpz8H6v1sjDON40p7otzQ,Arcade,229 thousand plays,229000,2 Jun 2026
Unfoldings,https://www.youtube.com/playables/UgkxfhilgDCC9mZ7vQD1w74sn4Tordu55aeD,Action,227 thousand plays,227000,3 Feb 2026
Radical Rappeling,https://www.youtube.com/playables/Ugkxnil2fkzbu365WN7TE1JB0WsfXUVm2_hS,Sport,225 thousand plays,225000,2 Jul 2026
WordMix,https://www.youtube.com/playables/UgkxIIj_K62hhbBtaplOJC7YqnFYZnMrKSLR,Trivia and word,225 thousand plays,225000,26 Jun 2026
Honey Sweeper,https://www.youtube.com/playables/UgkxcPNtSVkjcnBx7RxvMsY1neYcxEVZQ304,Brain and puzzle,225 thousand plays,225000,28 Apr 2026
Worms Zone .io - Hungry Snake,https://www.youtube.com/playables/UgkxX2jVF-W1gh2XlGWd73T29n_i2rV1GmlE,Action,Hungry Snake – 224 thousand plays,224000,6 Aug 2026
Leaf Match,https://www.youtube.com/playables/UgkxfK9ifXfEHEMpn6CXEy268DjRBBiFgfT6,Brain and puzzle,224 thousand plays,224000,14 May 2026
1000 Hidden Objects,https://www.youtube.com/playables/UgkxQNpw2pVtQVOLx_6BOybEton3THE_4kgB,Brain and puzzle,223 thousand plays,223000,30 Jun 2026
Kick and Run,https://www.youtube.com/playables/Ugkxs-hVVYpD86S_MYC-1Ixw5C7Ml6E4rKKW,Action,222 thousand plays,222000,7 Aug 2026
Push Colours,https://www.youtube.com/playables/UgkxC7pU5Il9ca0ceHxfkOn9SaZM3w6OYp60,Brain and puzzle,222 thousand plays,222000,3 Mar 2026
Gassy Cat Cat,https://www.youtube.com/playables/Ugkx4amXPoAggoPXLMql8ZE3VH7tANQ2zHrC,Arcade,222 thousand plays,222000,28 Jan 2026
ASMR Tiles,https://www.youtube.com/playables/UgkxiRnxjHKSzrYRlWaxePGt8lDwkwWz8VGM,Arcade,221 thousand plays,221000,23 Jul 2026
1 + 2 = 3,https://www.youtube.com/playables/UgkxQpCgenZUuip8tSVrUGRUhcT1a3AUmQhs,Brain and puzzle,221 thousand plays,221000,24 Feb 2026
Eat a smaller fish,https://www.youtube.com/playables/Ugkx41Y68jqlq5BsDNq9fO6cnH8w-Sl7CrzA,Arcade,220 thousand plays,220000,19 Aug 2026
Hyper Cube,https://www.youtube.com/playables/UgkxIt4-GIKDGwENC75CPFHaglT3FVQMh9kQ,Action,219 thousand plays,219000,10 Aug 2026
Gangsta Island,https://www.youtube.com/playables/Ugkxrh5RG-IrhQdbGjZIir7V5L2vLh29lCiZ,Arcade,218 thousand plays,218000,7 Aug 2026
Dart Blasters Skill Shot,https://www.youtube.com/playables/UgkxbIGyS-935hk5CdgpzSnIb-eig5c3Lgzm,Action,218 thousand plays,218000,18 Jun 2026
Forest Leap,https://www.youtube.com/playables/UgkxfGUptW5A5fkh0YQAakwCN8caAKINTXHV,Action,217 thousand plays,217000,28 Jan 2026
Drill Dash,https://www.youtube.com/playables/UgkxtJi4SBalVZTuEQc_g5MJFV3DIjvrLy6_,Arcade,216 thousand plays,216000,13 Jul 2026
Bubble Shooter 3D,https://www.youtube.com/playables/Ugkx1uASGjRQpzItZBJVPrJxFHnnqislTjW6,Arcade,215 thousand plays,215000,23 Jul 2026
Pool Go,https://www.youtube.com/playables/UgkxugYjmOXiZHA5tdkwW_3VT2TBmePvBzk0,Sport,215 thousand plays,215000,19 Jun 2026
Rescue Rush,https://www.youtube.com/playables/Ugkx8NPcMx0Zy2NjMBRPn0QHdxWW0v6wDdr1,Brain and puzzle,214 thousand plays,214000,6 Jul 2026
Magnet Balls,https://www.youtube.com/playables/UgkxuRc-di_qRBhzxzYXXk648-8g9fLx8VJb,Brain and puzzle,213 thousand plays,213000,6 Jul 2026
Rat's House - Nonogram,https://www.youtube.com/playables/Ugkxy8w5Wop2EbnCIG3UxQHvKoeuBAX6S5rg,Brain and puzzle,Nonogram – 213 thousand plays,213000,29 May 2026
Tiny Cars,https://www.youtube.com/playables/UgkxDDar0gg5-tZpNRXoYcn-uQeHggsnWBgz,Racing,212 thousand plays,212000,14 Aug 2026
Dino Survival,https://www.youtube.com/playables/Ugkx1sxSJRF5Tou5EIzmenqfT30Af93H6x_U,Simulation,211 thousand plays,211000,4 Aug 2026
Pixel Shoot!,https://www.youtube.com/playables/UgkxbmrbKFenCu1XCZC5GaMIrLMWRNOdMECW,Arcade,210 thousand plays,210000,15 Jul 2026
Destruction Simulator,https://www.youtube.com/playables/UgkxOExzcDIj37enWJG75839oQtqNC_2okgQ,Simulation,209 thousand plays,209000,20 Aug 2026
Brain Challenge - Mini Games,https://www.youtube.com/playables/UgkxDUA915ICW074UYaUki-49ik4oi3_33y0,Arcade,Mini Games – 209 thousand plays,209000,29 Jul 2026
Flow Line Hex,https://www.youtube.com/playables/Ugkxb61QjohWh0i6xLa5WGykQKwiqt2XTEel,Brain and puzzle,209 thousand plays,209000,10 Apr 2026
Solitaire Collection 72 in 1,https://www.youtube.com/playables/UgkxHgNjwCAJRbnFMSrLO3t1Hbbf8TM-IG8O,Board and card,209 thousand plays,209000,9 Dec 2025
Build-a-Band,https://www.youtube.com/playables/Ugkx20wmTej6IzTGU1MUdjuBp_rHBrMKpZFV,Music,a-Band – 209 thousand plays,209000,3 Dec 2025
Sand Castle,https://www.youtube.com/playables/UgkxJaVfK1ik83Ws6K--RzZ5xdkfwtCztxAz,Simulation,208 thousand plays,208000,21 Aug 2026
Popsicle Pour,https://www.youtube.com/playables/UgkxkcLmzKkxa9D4GnrInauZxq8pks_o9GXm,Brain and puzzle,208 thousand plays,208000,29 Jul 2026
Endless Lake,https://www.youtube.com/playables/Ugkx8w0xymLoTUXu9F_LzBEE4Caim9mz8IUd,Arcade,208 thousand plays,208000,19 May 2026
Rush Hour Racing,https://www.youtube.com/playables/UgkxuKEvFkEg4JRMohe375EQU21niUhtowJ3,Racing,207 thousand plays,207000,18 Aug 2026
Bored.Day,https://www.youtube.com/playables/UgkxM02zLfgb_gY4vZyMCJldhnAe6fRv5r4N,Trivia and word,206 thousand plays,206000,11 Aug 2026
Addiction Solitaire,https://www.youtube.com/playables/UgkxPhdyhQ6ydho98gz7ewAUw4nAeQf5lus5,Board and card,206 thousand plays,206000,17 Feb 2026
Carrot Guard,https://www.youtube.com/playables/UgkxNVqIm86vzktDeSZeITV4v6q714x5-QCt,Arcade,205 thousand plays,205000,27 Jan 2026
Moonshot,https://www.youtube.com/playables/Ugkx662dGn8ll_V_vZFPcvVuVwN76fnPCn16,Arcade,203 thousand plays,203000,9 Jul 2026
Top Bins — Football Arcade,https://www.youtube.com/playables/UgkxpF87t2z6WI8xXjRc6S8O7tA9QXBjWwqo,Arcade,202 thousand plays,202000,9 Jun 2026
Doodle God Classic,https://www.youtube.com/playables/Ugkx4FYvWSQumi84ApADAzsAkGeBDOhWfeSK,Brain and puzzle,201 thousand plays,201000,4 Aug 2026
Shoot and Run Classic,https://www.youtube.com/playables/Ugkx3DKuksoCtVw1il9oh21sSTeVMf-DsX_Q,Arcade,200 thousand plays,200000,3 Aug 2026
Blast Ultra Block,https://www.youtube.com/playables/UgkxMu_bm80KLIlW-FlcexHMSFPrsKptmzZK,Brain and puzzle,200 thousand plays,200000,21 Jul 2026
coquette crush,https://www.youtube.com/playables/Ugkx2E1_G-1nXBJP5j2Awj-V6bRkuk5KGcF8,Brain and puzzle,200 thousand plays,200000,28 Jan 2026
Cooking Jam,https://www.youtube.com/playables/Ugkx3S7HRFR1J-t-OP9r28FhquEsb4x2tL42,Brain and puzzle,199 thousand plays,199000,18 Aug 2026
Jurassic Park Idle,https://www.youtube.com/playables/UgkxGO5GyKzN5J5gyyLcCK3--cV4izJewIbe,Arcade,198 thousand plays,198000,7 Aug 2026
Flappy Fairy,https://www.youtube.com/playables/UgkxY2GTbGE_uqaZ3KgMF65U-R8yqjENh5W9,Action,197 thousand plays,197000,4 Jun 2026
Geo Space,https://www.youtube.com/playables/UgkxHoQk4WpvFslGcgZEU5jEvDZjGvIeN7M1,Arcade,197 thousand plays,197000,16 Dec 2025
"Idle Racer — Tap, Merge & Race",https://www.youtube.com/playables/UgkxUIcGM8jVpbs_g_7kZZodVgS1FhRrTF9B,Racing,196 thousand plays,196000,6 Aug 2026
Link Loop: Connect Dots,https://www.youtube.com/playables/UgkxhhCGVXR-7zC67YvqMrlDixLIYa2rP-ls,Brain and puzzle,196 thousand plays,196000,30 Jul 2026
Energy: Anti Stress Loops,https://www.youtube.com/playables/Ugkx8_rPuYJpeuBXok4Rf0haYoVcct8CFN93,Brain and puzzle,196 thousand plays,196000,28 Apr 2026
Bubble Fall,https://www.youtube.com/playables/UgkxT-tpvDfdxiR2DrszzUiZcUakoVifivEo,Arcade,195 thousand plays,195000,1 Jun 2026
Arrow Frenzy - Escape Puzzle,https://www.youtube.com/playables/UgkxjFR1pLbaEVxysRgt-rlTn8ZWgn4fRTQo,Brain and puzzle,Escape Puzzle – 195 thousand plays,195000,14 May 2026
The Divider,https://www.youtube.com/playables/UgkxnSih4x04RtfVQmnyq2VjRHlhsxDEAuDv,Brain and puzzle,194 thousand plays,194000,28 Jul 2026
2048 Bounce,https://www.youtube.com/playables/Ugkx2qADqWWojkYQT9343qpRds2RGHR87V1f,Arcade,194 thousand plays,194000,4 Jul 2026
Flow Line Draw,https://www.youtube.com/playables/UgkxXuz9gHx3QCdx60WnhZX-CNwrsDJYY0UU,Brain and puzzle,194 thousand plays,194000,9 Apr 2026
Brain Rot Royale,https://www.youtube.com/playables/UgkxL60z3FXlYEaKD47RDr8eMpl_cmbQyOjm,Action,194 thousand plays,194000,28 Jan 2026
Bridge Builder,https://www.youtube.com/playables/UgkxuiM_ESicl1V389u-kHMm5QW1ByF_R7G9,Brain and puzzle,193 thousand plays,193000,11 Aug 2026
Finger Football,https://www.youtube.com/playables/UgkxRYAO2kmHXndlplyU3srPUSZTsDaoH2hE,Sport,192 thousand plays,192000,24 Feb 2026
Night Climber,https://www.youtube.com/playables/UgkxYBQ2FkzCxwXUl4o6YRPfo-dRxSSIxGiP,Action,192 thousand plays,192000,3 Feb 2026
Monkey Mart Tycoon: Build & Grow!,https://www.youtube.com/playables/UgkxQ2QYScCRqa21Itw7UnOkI2I64e2U-CKB,Simulation,191 thousand plays,191000,19 Aug 2026
Arrow Cube 3D,https://www.youtube.com/playables/UgkxnPqxcJUmgXjPvM1Tr8NDqX5rz2lUBUS3,Brain and puzzle,191 thousand plays,191000,7 Jul 2026
Star Battle Defense,https://www.youtube.com/playables/UgkxOm-zPX_YR9AfOEF1fLWmlCJijsX1ln3I,RPG and strategy,190 thousand plays,190000,27 Jul 2026
Mahjong Slide & Merge,https://www.youtube.com/playables/Ugkxi2K0LKA9BVMGk2q23AREO3iFUnOORiGE,Brain and puzzle,190 thousand plays,190000,4 Jun 2026
Spiral ASMR,https://www.youtube.com/playables/Ugkxj0wASvSKj9hBVYB-LLa0i8_RxSM6aZz_,Arcade,189 thousand plays,189000,1 Jul 2026
Stickman Touchdown,https://www.youtube.com/playables/Ugkxc95pUAvsrome4J6aMdSMBP5LdSf6RXOV,Simulation,187 thousand plays,187000,20 Aug 2026
Parking Fury 2,https://www.youtube.com/playables/Ugkx4aOV4WK9ceiy4HatGWuYLYW4yViBqVd-,Arcade,187 thousand plays,187000,17 Aug 2026
Last Dungeon Wars,https://www.youtube.com/playables/UgkxtQJF8x9X_CB1SllodCatVYHC5I3VzJmv,Arcade,187 thousand plays,187000,16 Jun 2026
Bank Robbery Puzzle,https://www.youtube.com/playables/UgkxpnCDirlMO-wo5I7375yGK7-I3tmciDIi,Brain and puzzle,186 thousand plays,186000,17 Jun 2026
Bowling King,https://www.youtube.com/playables/UgkxbptWn7C8JUXHjk3o9PG6SA4h2a8mheV6,Sport,186 thousand plays,186000,8 Jun 2026
Blast Fast. Become Mr Gunslinger!,https://www.youtube.com/playables/Ugkx7Kbi-Zwge20EqWPrHw8TbStab-nDw1Pu,Action,185 thousand plays,185000,21 Aug 2026
Ball Run 2048: Space,https://www.youtube.com/playables/Ugkx9h06akhIFpClUl_qOAyAJNzjMP22LB1s,Arcade,185 thousand plays,185000,5 Aug 2026
Super Drill Man,https://www.youtube.com/playables/Ugkx-6e_E5IqjuWwrCeqxEdSnDcgLaQguEj2,Arcade,185 thousand plays,185000,30 Jun 2026
Marble Dash 3D,https://www.youtube.com/playables/UgkxW9E1AVeLiFeWZvs1B88bl4E4JH4JJ5KE,Arcade,185 thousand plays,185000,22 May 2026
Draw Line Mini Games,https://www.youtube.com/playables/UgkxNarDvSsi3PPjlzGZMIwG_PMryd_VLsib,Brain and puzzle,184 thousand plays,184000,14 Aug 2026
War Machine: Destructive Siege,https://www.youtube.com/playables/UgkxKNpLZo0onJdn9oZwdXKVP1x5f0E_Tx9D,Arcade,184 thousand plays,184000,28 Jul 2026
Shape Master,https://www.youtube.com/playables/UgkxpGTeSdHr07gvu4AtTTlcZ_u5ObrrY4Zc,Brain and puzzle,184 thousand plays,184000,10 Jun 2026
Flow 2048,https://www.youtube.com/playables/Ugkx66ZUk0lsmUYR0BVF6KK-Pb_3RUCrnQSF,Brain and puzzle,184 thousand plays,184000,24 Apr 2026
Letter Merge,https://www.youtube.com/playables/UgkxCnj5gG-YoxSO_EoNaqPxvGxK2nCJpZgo,Brain and puzzle,184 thousand plays,184000,31 Mar 2026
Fieryluigi's Her Last Message,https://www.youtube.com/playables/UgkxcRuP1wE1Ys8YFighRwlUWu_UJeT30SEc,Simulation,182 thousand plays,182000,6 Mar 2026
Poppin Blocks,https://www.youtube.com/playables/UgkxfECODhNujb8RqFldFGBQ_El90US7v794,Brain and puzzle,181 thousand plays,181000,10 Mar 2026
Charter Tycoon,https://www.youtube.com/playables/Ugkx27nh-sNjbnZB3_q9U-3cUKHKe7AMBuoL,Simulation,181 thousand plays,181000,28 Jan 2026
Streamer Simulator: how long can you survive???,https://www.youtube.com/playables/Ugkx34LYluB7P9fpMYL2hPC6cN_senXFUKUO,Action,181 thousand plays,181000,28 Jan 2026
Addiction Solitaire Mini,https://www.youtube.com/playables/UgkxXmxf-409-XEWGMdPTZI94e9tx1plvdqp,Brain and puzzle,180 thousand plays,180000,10 Mar 2026
Bird Watcher USA,https://www.youtube.com/playables/Ugkx0MwW23f-omHuuMVG3g_dffZ04UOjIHIi,Trivia and word,176 thousand plays,176000,28 Jan 2026
Planet Miner,https://www.youtube.com/playables/UgkxVameVdg-gni0xtWtT_J0yawfrPKtNSdG,Action,176 thousand plays,176000,28 Jan 2026
Don't Spill!,https://www.youtube.com/playables/UgkxTwWF4tQGXftIsNmeqmLZabVM3NVmNFjU,Arcade,175 thousand plays,175000,15 Jul 2026
Cupid's Bow,https://www.youtube.com/playables/UgkxZUK4L2M27PzSq2ObU7czvcNbZNZCnM5Y,Arcade,174 thousand plays,174000,13 Jul 2026
Clue Master - Logic Puzzles,https://www.youtube.com/playables/Ugkx8kMORImeSYsRVCBm6UimqQeJOKme-zMH,Brain and puzzle,Logic Puzzles – 174 thousand plays,174000,3 Jul 2026
Mahjong World Tour,https://www.youtube.com/playables/UgkxVyxn8XjET_Wi-HeSfqg00GgKA10QT4n2,Brain and puzzle,174 thousand plays,174000,8 Apr 2026
Crown of Eyes,https://www.youtube.com/playables/UgkxmqsWpM5Vthq7rskrS8x3VIliCoWV5XA3,RPG and strategy,174 thousand plays,174000,3 Feb 2026
Arrow Escape,https://www.youtube.com/playables/UgkxIfZz-PqZxOqF3xMSRSpGBOaXHH9IEgVB,Brain and puzzle,173 thousand plays,173000,26 May 2026
Park Master,https://www.youtube.com/playables/UgkxDnC-Q69KeM0hE75ITQTdkTaM16TL2w1C,Brain and puzzle,171 thousand plays,171000,11 Aug 2026
Number Clash 3D,https://www.youtube.com/playables/UgkxTaRP1qtNmu8qiPPgpWJRjoTS_txa7mPo,Action,171 thousand plays,171000,6 Aug 2026
Picture Block Jam,https://www.youtube.com/playables/UgkxWUp4FCeOcaoX96EaJ2rO2qsJmwFKyagT,Brain and puzzle,171 thousand plays,171000,17 Mar 2026
Super Swing,https://www.youtube.com/playables/UgkxFkrI6ymHDWFDkLjdkgK2SRJ6pRKjv0B3,Arcade,170 thousand plays,170000,17 Aug 2026
Color Cube Puzzle,https://www.youtube.com/playables/UgkxZlWa6UsW9d3i5HJN7NjPusGkQJyAKZzG,Brain and puzzle,168 thousand plays,168000,14 Jul 2026
Duo Defense,https://www.youtube.com/playables/UgkxMT9QizEtzEGjcjqLpIerwt9FIcjoEvfY,Arcade,168 thousand plays,168000,28 Jan 2026
​UFO Grabs,https://www.youtube.com/playables/UgkxHszUT7IGUjbxChX40uyAPY4mtlXRmEwm,Arcade,167 thousand plays,167000,4 Jun 2026
Candy Jewels,https://www.youtube.com/playables/Ugkx5MUQpCjS_gYPRrmQaYiPbl3LYfw8Ng64,Brain and puzzle,167 thousand plays,167000,3 Jun 2026
Tile Trip,https://www.youtube.com/playables/UgkxmG8sbYoRnm27nEPLtDQO4x04XtVrSpp7,Brain and puzzle,167 thousand plays,167000,2 Jun 2026
Fieryluigi's Mimic Forest,https://www.youtube.com/playables/UgkxivZVQxj-nzhHoqrMYN7EnU0UCHTEAfa7,Action,167 thousand plays,167000,28 Jan 2026
Instrument Explorer,https://www.youtube.com/playables/Ugkx9pEbKYyU8ckY_THm6_q4AXCDNOMsCR4Y,Music,167 thousand plays,167000,17 Dec 2025
Bubble Merge 2048,https://www.youtube.com/playables/UgkxG4_hpPVEwSmfkm2cTIUDbJSql8xyfwdG,Brain and puzzle,166 thousand plays,166000,11 Jun 2026
Hidden Objects: My Hotel,https://www.youtube.com/playables/UgkxtVyinq-dNZCCtUmrPs5-OisE82MpZt92,Brain and puzzle,165 thousand plays,165000,6 Jul 2026
Best Word Survives,https://www.youtube.com/playables/Ugkx7HasaM92Sz3ZWbBSjI1bG7IcfGrk-4W8,Trivia and word,165 thousand plays,165000,4 Jun 2026
Piece by Piece,https://www.youtube.com/playables/UgkxpdLRVIT2hQDfwvoQsKiSfyZCm7XUtpcl,Brain and puzzle,165 thousand plays,165000,28 Jan 2026
Mahjong Classic,https://www.youtube.com/playables/UgkxOTR7hkmUvs5x1Cs5tm3cCijUaov9wv4_,Trivia and word,164 thousand plays,164000,22 May 2026
Zombie Assassin!,https://www.youtube.com/playables/UgkxOezYDzGOPTuP5HCwwbTObS9kb-DLshPi,Action,163 thousand plays,163000,20 Aug 2026
Maze Challenge,https://www.youtube.com/playables/UgkxtDQhAUcmK7QEgMTDd2AFTzN8PUq3G5vl,Brain and puzzle,163 thousand plays,163000,13 Jul 2026
4 Pics 1 Word,https://www.youtube.com/playables/UgkxH91NvfFgN8Tr7_c_YZku8fGkwDZTzhFj,Trivia and word,162 thousand plays,162000,20 Jul 2026
Dart Blasters Last Stand Tower,https://www.youtube.com/playables/UgkxrjZ1fwHJkVTPYrNnc9qR_S6FmHqcAL0M,Arcade,161 thousand plays,161000,10 Jul 2026
Ludo Fiesta,https://www.youtube.com/playables/UgkxCsyn6FP9RJ5fQGttfCZb7M0arIlhXfZw,Board and card,161 thousand plays,161000,30 Jun 2026
Away The Pins!,https://www.youtube.com/playables/UgkxSPIW5t3Pl8YFmcBljjEnKUisdWi4dCk7,Brain and puzzle,157 thousand plays,157000,4 Jun 2026
Swarms Of Fish 🐠,https://www.youtube.com/playables/UgkxZ2JXqF8UdoZg40dz-kpvIV3RCHHJL9Zr,Arcade,156 thousand plays,156000,3 Jun 2026
Geoguessle,https://www.youtube.com/playables/UgkxxBmN0qHeNjiCVo4Rxs8HmJXlFMAlIu2c,Trivia and word,154 thousand plays,154000,16 Jun 2026
Bottle Blocks,https://www.youtube.com/playables/UgkxS-a2KT64A3-y6BPd9e09G79knVPRrgqM,Brain and puzzle,154 thousand plays,154000,21 May 2026
BAA-DLE,https://www.youtube.com/playables/Ugkxhtdw287GFtRjaAzrd4XgBgewEw08E-NT,Brain and puzzle,DLE – 154 thousand plays,154000,28 Jan 2026
Infinite Sky,https://www.youtube.com/playables/UgkxfDR-li2dxSTxh9mKiFvw4Qz50UL4Mh6g,Arcade,153 thousand plays,153000,14 Aug 2026
PAINTERS POP,https://www.youtube.com/playables/UgkxHRjYdm19LhD8f4U4CWELrc9rpaZ0PrsA,Action,153 thousand plays,153000,5 Aug 2026
Blossom Master,https://www.youtube.com/playables/UgkxsVBTGx7A-csoUCLzMwgXARm9EaGKqmEI,Brain and puzzle,151 thousand plays,151000,8 Jun 2026
Watermelon Cats,https://www.youtube.com/playables/UgkxjGmosyzwBp5AllWISvC3Uyt3aDKqZR1M,Brain and puzzle,151 thousand plays,151000,25 May 2026
Planet Duck,https://www.youtube.com/playables/UgkxCeKpXRrY11KhEor60ED4lDr-BqGACYux,Brain and puzzle,151 thousand plays,151000,24 Mar 2026
Battle of Worms,https://www.youtube.com/playables/Ugkxh3VNBkDLTRE50tRB6fRn9havzu9xp1Tz,Arcade,150 thousand plays,150000,15 Aug 2026
Jelly Tube Run 2048,https://www.youtube.com/playables/UgkxRuSXHuZgySscR7bxBEJUUYkJ_nQAEwE9,Racing,150 thousand plays,150000,3 Aug 2026
2048 Knights,https://www.youtube.com/playables/Ugkx2qqih6ckIqzJG3yPKLkixZwv92K2p7Ca,Brain and puzzle,149 thousand plays,149000,27 Jul 2026
Merge Flowers,https://www.youtube.com/playables/Ugkx2w85MquoYYMtIWsxvOxqoimJKCk6jI_q,Brain and puzzle,149 thousand plays,149000,27 Jan 2026
Tick-Tack-What?,https://www.youtube.com/playables/UgkxNaquLIckiIBBeXWJRqcEI_duQi1nwa4d,Brain and puzzle,Tack-What? – 148 thousand plays,148000,3 Jul 2026
Tile Match Jam,https://www.youtube.com/playables/UgkxFtPPbIwssvAZAqdT3hv7twe4n2RiNKEP,Brain and puzzle,148 thousand plays,148000,1 Apr 2026
Whatcraft,https://www.youtube.com/playables/UgkxevKQAGTI79OWaMXJ7EzQw1HpvO-MNAdG,Simulation,147 thousand plays,147000,18 Aug 2026
Stack Ball,https://www.youtube.com/playables/UgkxVSYRj2ZzNU1omxZGaWlV30vW9YL4jris,Arcade,147 thousand plays,147000,7 Aug 2026
World Tour Solitaire,https://www.youtube.com/playables/UgkxTWLXIe1Uf3xx9_2dML2NuWr_fIkPQT7A,Board and card,147 thousand plays,147000,28 Apr 2026
Paw Crimes,https://www.youtube.com/playables/UgkxaNXjkkZ_S6YMUkszkoaZbXBiyD5e8P4g,Action,147 thousand plays,147000,25 Feb 2026
Neon Runner,https://www.youtube.com/playables/UgkxmOcZyLKbnuKTVsLrX8n5x-bQL4h0qlqW,Arcade,146 thousand plays,146000,11 Feb 2026
Block Dimension,https://www.youtube.com/playables/UgkxpB-ZA8ZJNl60W8ZO8F8AZ2ktrECCGvKf,Brain and puzzle,144 thousand plays,144000,14 May 2026
My Shark Show,https://www.youtube.com/playables/UgkxKmKPqts3MeuRTi_VTOGeSUxyGSFcoaaY,Arcade,143 thousand plays,143000,21 Aug 2026
Volley Beans,https://www.youtube.com/playables/Ugkxu_3fxS9D20_xLUSwI9yzXQMmcTOMIqq0,Sport,143 thousand plays,143000,1 Aug 2026
Wall Hop,https://www.youtube.com/playables/UgkxWCRDLN4RZWShGFz-X2mLpwMqduaa2HVs,Brain and puzzle,143 thousand plays,143000,30 Apr 2026
TEMPLE LOOT - GET THE CASH,https://www.youtube.com/playables/UgkxD8pI1rjiVnTqg_TG2oygCEEgf6vzEUtP,Brain and puzzle,GET THE CASH – 142 thousand plays,142000,22 Jul 2026
Reikon_Cozy_Kitchen,https://www.youtube.com/playables/UgkxQWUZ9a7XpBzkeHA18jAlr3GeiQ_YiZT4,Simulation,142 thousand plays,142000,3 Feb 2026
Stickman Idle Virus,https://www.youtube.com/playables/UgkxMh1z9K8CYkXAlpIXoDmWVtTwuOxwgdUW,Simulation,141 thousand plays,141000,21 Aug 2026
Trick Your Brain Puzzle,https://www.youtube.com/playables/Ugkx6FvKsx1Tk2Qke9X7XbSkDBKedi1ShYix,Brain and puzzle,141 thousand plays,141000,19 Aug 2026
Basketball All Stars,https://www.youtube.com/playables/UgkxHeGtLqhxbGVyhO44-WLNn1wTtu_WtkMK,Sport,140 thousand plays,140000,1 Aug 2026
Snakes and Ladders,https://www.youtube.com/playables/UgkxXDBFbrugHVEdzBxDmFifRmkvQEJIb7vu,Board and card,140 thousand plays,140000,13 Jul 2026
Kitchen Mayhem,https://www.youtube.com/playables/Ugkx7qqTrE8iJbr-B0bXTIjzF_bKB3hD_r_t,Brain and puzzle,139 thousand plays,139000,30 May 2026
Tile Sort 3D,https://www.youtube.com/playables/UgkxcK8xzJqXobdidoM5YFWz1X8ZyFE4Cybu,Brain and puzzle,139 thousand plays,139000,9 Apr 2026
Galactic Golf Solitaire,https://www.youtube.com/playables/UgkxztNuTXmd1aiR5OXXuMC65_j5jsaovHz4,Board and card,139 thousand plays,139000,17 Feb 2026
Tile Farm Story,https://www.youtube.com/playables/UgkxVLz72sbHsW_2SJaqKA9AFO9diZtN5f_z,Brain and puzzle,138 thousand plays,138000,17 Jun 2026
Soccer Skills Kick Ups,https://www.youtube.com/playables/Ugkx1DaOje8CvtRFT_Ta_Eze3vwxj1W07luR,Sport,138 thousand plays,138000,29 May 2026
Space Cat,https://www.youtube.com/playables/UgkxnX1DqMGUehqHZd0BhgkM8Vckz86RF76J,Arcade,138 thousand plays,138000,28 Jan 2026
Battle Racing Stars,https://www.youtube.com/playables/UgkxCsn9Km-7BuKNsysd4smz2P5bfbkPz5W4,Racing,137 thousand plays,137000,12 Aug 2026
House Flipping,https://www.youtube.com/playables/UgkxNOouh5si31Lt_-C6f4NWXA74olMpfuNe,Arcade,137 thousand plays,137000,29 Jul 2026
Delivery Rush 3D,https://www.youtube.com/playables/UgkxvVju-QxnLe12u14ey4ex4SXa-X7CWURP,Racing,136 thousand plays,136000,6 Aug 2026
Choo Choo Express,https://www.youtube.com/playables/UgkxZ1oL2IlXWgcCjwk0N9aoNsu3GCvAnPyU,Brain and puzzle,136 thousand plays,136000,28 Jul 2026
Two Of A Kind: Memory Game,https://www.youtube.com/playables/UgkxaJvmkTtanRK5Ou1muErYzyw5p_nzNERW,Brain and puzzle,136 thousand plays,136000,31 Mar 2026
Candy Merge,https://www.youtube.com/playables/Ugkxh6ui27V21_NuPg6ndYxnOEFmC-xy7aNv,Brain and puzzle,135 thousand plays,135000,10 Aug 2026
geobeat,https://www.youtube.com/playables/Ugkx3ffW3EFE4cURx8vdbnJFf2bFrq5jxjQ1,Arcade,135 thousand plays,135000,25 May 2026
Cut master,https://www.youtube.com/playables/UgkxU-T9x4aXSgCUQddpEFcGyhT1H002msiO,Simulation,134 thousand plays,134000,18 Aug 2026
Choco Cookie Crusher,https://www.youtube.com/playables/UgkxyFFnRJbEdHyw7sgE8EU8pgDIHEusit7u,Brain and puzzle,133 thousand plays,133000,15 Jul 2026
Wood Puzzle,https://www.youtube.com/playables/Ugkx9zvPiUUUj4st2lI3DAZwO0cFZupSjqtr,Brain and puzzle,133 thousand plays,133000,7 Jul 2026
Daily Solitaire Challenge,https://www.youtube.com/playables/UgkxbjDqwTo4f6RQqRtnxaG2KgSuQ4Dj9B-X,Board and card,132 thousand plays,132000,25 May 2026
Jelly Blast Pro,https://www.youtube.com/playables/UgkxQW3zhcjcp2hVvGDbOxCPaCUCYtFAs1i3,Brain and puzzle,132 thousand plays,132000,5 May 2026
Abyssal Defender,https://www.youtube.com/playables/UgkxNsHpc_eyP-yO9DKmxLIdF4KtxpuQxy1T,Arcade,132 thousand plays,132000,5 Feb 2026
Sky Jumps,https://www.youtube.com/playables/UgkxkWdjJCtCQcXYyVPTGFEEWC_dcnboTSb1,Arcade,131 thousand plays,131000,20 Jun 2026
Gin Rummy - Classic Card Matching Game,https://www.youtube.com/playables/UgkxdenqaQSersC_DgQnMyGz34MJ43uuRGIk,Board and card,Classic Card Matching Game – 131 thousand plays,131000,29 May 2026
A-Ball CHAOS,https://www.youtube.com/playables/Ugkxy0dj_8i5MP9FHPzjDRpCie7W4FVsjF6K,Action,Ball CHAOS – 131 thousand plays,131000,25 May 2026
Arcane Tower Survivor,https://www.youtube.com/playables/UgkxHQZ_joClv5Wcg-raiu3FRAM22jZSH1U2,RPG and strategy,131 thousand plays,131000,28 Jan 2026
Infinite Realms - A Role Playing Adventure,https://www.youtube.com/playables/UgkxaPPVYe5THW_JzK_raDISdpwxb5u8mOAS,RPG and strategy,A Role Playing Adventure – 131 thousand plays,131000,28 Jan 2026
Tappy Plane,https://www.youtube.com/playables/Ugkx-Zc5D6WmXSV6BZNsJYCI_m7mJy7XiD0S,Arcade,129 thousand plays,129000,19 Aug 2026
Photon Racer 3D,https://www.youtube.com/playables/Ugkxmb3CQ-txEw08m9hPzyeHg42pWlKbLg80,Racing,129 thousand plays,129000,5 Aug 2026
Burger Rush 3D,https://www.youtube.com/playables/UgkxtKTVXXtKQs4mg2aUggXtlHL4jJ4aeB6Q,RPG and strategy,129 thousand plays,129000,3 Aug 2026
Basedrop,https://www.youtube.com/playables/Ugkx8n6_-WpkwZv_reBnf6DiCU3euQjofUOs,Brain and puzzle,129 thousand plays,129000,27 May 2026
Pirates Merge: War Path,https://www.youtube.com/playables/Ugkxk7YEyhfjM_1C3LPFctUzXwZdY3HEZnwY,RPG and strategy,129 thousand plays,129000,2 May 2026
Car Stunts Driving,https://www.youtube.com/playables/Ugkx_eSkGQXUMzoe_fqEkZCnnjgnryDhovWK,Racing,127 thousand plays,127000,23 Aug 2026
Arrow Out,https://www.youtube.com/playables/UgkxVBgDBP6ViKmM0xp8jJ8z3B8JKTyqq-SP,Brain and puzzle,127 thousand plays,127000,16 Jun 2026
Sand Drop,https://www.youtube.com/playables/Ugkx4WGNXvfLxUOF08RDIqYtXzyopwrFMP6G,Brain and puzzle,127 thousand plays,127000,4 Jun 2026
Cash Drop Fever,https://www.youtube.com/playables/Ugkx0t8xR0pJi2G0qkeGa_FBlbbmbHms6x8F,Arcade,127 thousand plays,127000,2 Feb 2026
COSMIC DEFENDER,https://www.youtube.com/playables/UgkxCx6k_1oy01-GZW61ooVR6nczUGQm1vzi,Action,126 thousand plays,126000,17 Aug 2026
Bouncy Woods,https://www.youtube.com/playables/Ugkx4L5n2zG3-ST2MFK25BlUoNOtJaEJ4qR9,Arcade,126 thousand plays,126000,2 Jul 2026
Block Gems,https://www.youtube.com/playables/UgkxsLtEoqqEZv64BAEEPrARtBmry7xnUKul,Brain and puzzle,126 thousand plays,126000,3 Mar 2026
Tap Out,https://www.youtube.com/playables/UgkxrNKCZsV_F3sPNqGNI3NAh1CLg4F-4Gwb,Brain and puzzle,125 thousand plays,125000,16 Aug 2026
Flappy Football,https://www.youtube.com/playables/UgkxEHgD5v3wgHp1e1hTsvClGLxACyPuycVL,Arcade,124 thousand plays,124000,10 Jul 2026
Blocks: Variety of Figures,https://www.youtube.com/playables/UgkxtCYUmsXwaA43hUPVOdxxayomBfE4sv4K,Brain and puzzle,124 thousand plays,124000,20 Jun 2026
Cozy  Tiles,https://www.youtube.com/playables/UgkxNr7dI6abS9R4qU_xlsElTlHmuLtvaWdl,Brain and puzzle,123 thousand plays,123000,6 Jul 2026
Circuit Master 2,https://www.youtube.com/playables/UgkxlYECE7Ly5pW_rkJzacr_kgIMyridhR_b,Brain and puzzle,122 thousand plays,122000,30 Jul 2026
Planetburst,https://www.youtube.com/playables/Ugkx2zcvr-D8pJ29wbqJd1t0HQ8AMrf7sjj1,Arcade,122 thousand plays,122000,28 May 2026
Fluffy Mania,https://www.youtube.com/playables/Ugkxa1Syq3kpW57AvhT8AJH8SGCUmAZvvjSO,Brain and puzzle,122 thousand plays,122000,27 May 2026
Red Hide Ball,https://www.youtube.com/playables/UgkxnjoBxuo-kaS7DbHMTFIid_1f3L_o-BuB,Arcade,121 thousand plays,121000,17 Aug 2026
Mind Jigsaw,https://www.youtube.com/playables/Ugkx5XMAMwfGvCUmdUaWrRjWRCu4FHUEPZJh,Brain and puzzle,120 thousand plays,120000,27 Jul 2026
Bottle Boom,https://www.youtube.com/playables/Ugkx8VKYaXezKgUar3KKkwW3gIwymMICh7LW,Brain and puzzle,120 thousand plays,120000,15 Jun 2026
Crowd Wars 3D,https://www.youtube.com/playables/UgkxzsEZLCje0nguhfCx3xyT2_7ZgH_zjc3C,RPG and strategy,119 thousand plays,119000,6 Aug 2026
Dimension5D: Neon Hex Shift,https://www.youtube.com/playables/Ugkx5F1AxjRfSQVPFTSFvEQjxIlPa2mFSIRg,Brain and puzzle,118 thousand plays,118000,17 Apr 2026
Bubble Shooter Soccer 2,https://www.youtube.com/playables/Ugkx3FiYLLArkI2_ioCaAJbMVacZjAiPWdX9,Sport,117 thousand plays,117000,27 Jul 2026
Candy Dreamland,https://www.youtube.com/playables/Ugkx9mJdUAwpOuV20uRIfrxhRPBq7Ezk4eVt,Brain and puzzle,117 thousand plays,117000,8 Jul 2026
Sweet Signs,https://www.youtube.com/playables/UgkxNBavXxygOaaI5_tK0U3IR_gJ5-lkAzgM,Brain and puzzle,117 thousand plays,117000,2 Jun 2026
Dungeon Runners!,https://www.youtube.com/playables/UgkxSvpHrE9H6q4f-Oyf_xkuP5vUgPoUOOg3,Arcade,116 thousand plays,116000,1 Jun 2026
Arrow Spin,https://www.youtube.com/playables/UgkxNomaRKSgBemtNNP74f1RQPV-N8Va3qX0,Action,116 thousand plays,116000,26 May 2026
Can Jam - Sorting Puzzle,https://www.youtube.com/playables/UgkxqKUaoQnavy5hh3fv12uGcf_KKvf6zEIZ,Brain and puzzle,Sorting Puzzle – 116 thousand plays,116000,26 May 2026
Swipe Smash,https://www.youtube.com/playables/UgkxcfySIyybL0REQXpsFFgyl9dd_Bsh_YK1,Action,116 thousand plays,116000,26 May 2026
Fruity Merge,https://www.youtube.com/playables/UgkxRzVmoG2hnP2wT3QpFrjMmCE2tEQ-y4YO,Brain and puzzle,115 thousand plays,115000,4 Aug 2026
Blast'em All!,https://www.youtube.com/playables/UgkxC7qasuO3IbwBwqysCL_E8UgvFvjIL1Zu,Brain and puzzle,115 thousand plays,115000,15 Jun 2026
ChickZ Stack,https://www.youtube.com/playables/UgkxoZlHd3ZWBKOh-GBsXxTBHMeB0-3oVQke,Arcade,114 thousand plays,114000,20 Aug 2026
Word Ninja - Word Find Brain Trainer,https://www.youtube.com/playables/UgkxVcfk4FoEy1II5uUiYxFcfvYZq3rvPI7u,Trivia and word,Word Find Brain Trainer – 114 thousand plays,114000,6 May 2026
Gallery Jam - Tap Out Puzzle,https://www.youtube.com/playables/UgkxqhgQvNhuvZfEvwXemdrPzxT74Br7_ea6,Brain and puzzle,Tap Out Puzzle – 114 thousand plays,114000,22 Apr 2026
Nine Legends,https://www.youtube.com/playables/UgkxtGnMBVqoXw8AZTI4QPAIlFwPrCSwSJHd,Brain and puzzle,114 thousand plays,114000,3 Apr 2026
Outlier,https://www.youtube.com/playables/UgkxMdFGa-Mb5kxs-Lg-xd65BQl_1hyWz0Jc,Brain and puzzle,113 thousand plays,113000,3 Jul 2026
Asteroid Defense,https://www.youtube.com/playables/UgkxDwqFMWz9okYUOBfpPyWH5eVdDCnIgKFn,Arcade,112 thousand plays,112000,2 Aug 2026
Pongis - An ultra simple and fun ball game,https://www.youtube.com/playables/UgkxR1S1EJBj52EPeg-zRGmQ_uCA_3dKVFPG,Sport,An ultra simple and fun ball game – 112 thousand plays,112000,2 Aug 2026
Cat & Mouse,https://www.youtube.com/playables/UgkxuxBP_x3f6RlMBFeofDP918tf-bZoaVB4,Arcade,112 thousand plays,112000,5 Feb 2026
Find the Frog: Hidden Objects,https://www.youtube.com/playables/UgkxgJquMy2I5k-ZSU9mU-kC6ibm3QKeIpAP,Brain and puzzle,111 thousand plays,111000,6 Aug 2026
Mansour: Victory Quest,https://www.youtube.com/playables/UgkxPx66IhOojwDV-ZgYryvCJNBeljiercCL,Arcade,110 thousand plays,110000,28 Jul 2026
BunBun's Wasteland Word Search,https://www.youtube.com/playables/UgkxuY-hrN6C2xH_nSoZSZI9LpU_7jgPdzeJ,Trivia and word,110 thousand plays,110000,28 Jan 2026
Bricks And Balls Crusher,https://www.youtube.com/playables/UgkxZ-ZzoFygRxXtcmneuHWzA6q0Kar9AClv,Brain and puzzle,109 thousand plays,109000,21 Aug 2026
"Color Block Jam-Slide, Match, and Solve!",https://www.youtube.com/playables/UgkxXUtoqg6WvIaF9sq9Mx5zDY4-Fd_6PZnC,Brain and puzzle,"Slide, Match, and Solve! – 109 thousand plays",109000,12 Aug 2026
Sheep Rescue,https://www.youtube.com/playables/UgkxLyH0P1epLK_4_YIc_j40k8r84oaPinp3,Brain and puzzle,109 thousand plays,109000,1 Aug 2026
Watermelon Fusion,https://www.youtube.com/playables/UgkxOij1T2Keiou18ULVU90-RdEJJ6T0iqaq,Arcade,109 thousand plays,109000,10 Jun 2026
Fieryluigi's Castle Defender,https://www.youtube.com/playables/UgkxC1G0yKzZu2wZIanzscVY5OANu8qbXUt-,Action,109 thousand plays,109000,21 Mar 2026
Water Sort Quest,https://www.youtube.com/playables/UgkxF9FBXijAG13MoOTmlasL4S1EuxP012vj,Brain and puzzle,107 thousand plays,107000,6 Aug 2026
Emily's Hotel Solitaire,https://www.youtube.com/playables/Ugkx5sUNFAmjAKkpKYzscNbfBxYAKI_3tqHU,Board and card,107 thousand plays,107000,5 Jun 2026
Gravity Race,https://www.youtube.com/playables/UgkxgHNC-3W5vtlJjX0cWW-2JLHhEq3PdJm_,Arcade,106 thousand plays,106000,20 Aug 2026
SliceIt Classic,https://www.youtube.com/playables/Ugkxl1QJv-4CE8NsA9uNBJTQwPKXhEjt6zcO,Brain and puzzle,106 thousand plays,106000,3 Aug 2026
Link Up,https://www.youtube.com/playables/UgkxdJ0kJFrtiZHZ3tATtfBf7ofF9HYN-t_K,Brain and puzzle,106 thousand plays,106000,20 Jun 2026
Bubble Mash,https://www.youtube.com/playables/UgkxE9gb-2P6iD3wgmoRHjqCAfwRblyND26V,Brain and puzzle,106 thousand plays,106000,8 Apr 2026
number game,https://www.youtube.com/playables/Ugkxv6jpH_DMDsPjfhOeOBrhvWTvxQMfwzXx,Brain and puzzle,106 thousand plays,106000,24 Mar 2026
Meow Fit,https://www.youtube.com/playables/UgkxxytlR_82UmHpctTQGr2jiJSc2hs29Qwn,Brain and puzzle,105 thousand plays,105000,14 Aug 2026
One Careful Cat,https://www.youtube.com/playables/UgkxIg5XXvB0AClnOCQYVwDBaCSEIx91mM1u,Trivia and word,105 thousand plays,105000,11 Aug 2026
Save the Fish: Story of Dori,https://www.youtube.com/playables/Ugkxl5WpP_gGBTQKM5tS_yfDs-B4X-aKwXzM,Brain and puzzle,105 thousand plays,105000,11 Aug 2026
Tile Joy,https://www.youtube.com/playables/UgkxProabUuxp3Ei7diioMp3yC7-OPiNhJyT,Brain and puzzle,105 thousand plays,105000,2 Jul 2026
Solitaire TriPeaks Journey,https://www.youtube.com/playables/Ugkxu_D-u5rQy70SSgP8w9aAP1oQXwj2_KLd,Board and card,105 thousand plays,105000,7 Apr 2026
Realty Titan Tycoon,https://www.youtube.com/playables/UgkxYjBr4NXNzh2pUlReTaDKUPyTT3sJDV7x,Simulation,105 thousand plays,105000,17 Mar 2026
Block Blaster,https://www.youtube.com/playables/Ugkx9YXSaUZkM3-L0Yq9VdMywZebzyxkhqw6,Brain and puzzle,104 thousand plays,104000,19 Aug 2026
Rogue Ninja,https://www.youtube.com/playables/UgkxufHo4M3nvVGNtD_GBoQuFQiURF4Rzlq-,Action,103 thousand plays,103000,12 Aug 2026
Bubble Trouble,https://www.youtube.com/playables/UgkxivwcAsNGmOGD9u2IIQSPFCl2WX8tkuIL,Action,103 thousand plays,103000,9 Aug 2026
Slither Snake 2048,https://www.youtube.com/playables/UgkxUrKxcH8rU1LaIsob95SwUJKbRqGSY7se,Arcade,103 thousand plays,103000,6 Aug 2026
Bird Sort 2: Color Puzzle,https://www.youtube.com/playables/UgkxizoPgc3mNyNGaxXscXKjs3aqd9okYAAl,Brain and puzzle,103 thousand plays,103000,14 Jul 2026
Papa Cherry,https://www.youtube.com/playables/UgkxKCvv2GFefZ5uOLtx5UZe03sv2Xi-QgN-,Brain and puzzle,103 thousand plays,103000,30 Jun 2026
Emoji Love,https://www.youtube.com/playables/UgkxRyHiwRd0T0B7f_NbNS_0H-pjjk6ClGqo,Brain and puzzle,102 thousand plays,102000,20 Aug 2026
Beer's Gone!,https://www.youtube.com/playables/Ugkx1uS5v_dwSC6hHpxpYlE4lSNMv1t-rYzN,Arcade,102 thousand plays,102000,10 Jun 2026
English Checkers Online,https://www.youtube.com/playables/Ugkx8W-5Iu0BXoelLVVZY9ohBR5mNDwf5yA3,Board and card,101 thousand plays,101000,12 Aug 2026
Ragdoll Shooter 3D,https://www.youtube.com/playables/UgkxBO28yiV_rOyGb44vmc8EgoRUaGXWWgDL,Arcade,101 thousand plays,101000,7 Aug 2026
Sushi Puzzle,https://www.youtube.com/playables/UgkxfkQvu5mgnQMOU2yJUXwoaeBEAv-UZcKn,Brain and puzzle,101 thousand plays,101000,6 Aug 2026
Tile Match,https://www.youtube.com/playables/UgkxwrDFnPkcJpdjpx84KqW0ZRlByMfqDleq,Brain and puzzle,101 thousand plays,101000,14 Jul 2026
Meow Block,https://www.youtube.com/playables/UgkxrNOUfefaehF6C63ko6_f01dlBPZuLuHx,Brain and puzzle,101 thousand plays,101000,15 May 2026
Kitty Scramble,https://www.youtube.com/playables/UgkxwnLKcVqEIk-TiVokDhfttcwMu5qCHyXT,Trivia and word,100 thousand plays,100000,28 Jul 2026
Links Puzzle,https://www.youtube.com/playables/UgkxcvApjlymnFq7fm3IJEi3SxWMAL7wiJUe,Brain and puzzle,100 thousand plays,100000,31 Mar 2026
Dunk Puzzle,https://www.youtube.com/playables/Ugkxk_WlWJx6LvG3PYke50kg7iTgRAt_Mo9m,Brain and puzzle,100 thousand plays,100000,3 Mar 2026
Numbers Run,https://www.youtube.com/playables/UgkxDBGGz6jKttI9vg6S1h8uF-XecWhBu1Jb,Arcade,99 thousand plays,99000,19 Aug 2026
Bricks Breaker Quest,https://www.youtube.com/playables/UgkxOzkpRWrwXM0__XRsh-t8n3mPLmQFv6w-,Brain and puzzle,99 thousand plays,99000,6 Aug 2026
Aim Master,https://www.youtube.com/playables/UgkxnGY9sBtBmsV07KjVeJeYJi0PpDfZ-76V,Brain and puzzle,99 thousand plays,99000,30 Jul 2026
Lazy Dog,https://www.youtube.com/playables/UgkxoF03VFqg7LXDmG0hern0tdgqq1ragMMK,Brain and puzzle,99 thousand plays,99000,23 Jun 2026
Filling blocks,https://www.youtube.com/playables/UgkxvEUHLdFKL4HVmRm3zOvF7B7fVldG0LcM,Brain and puzzle,99 thousand plays,99000,4 Jun 2026
Sandwich Tower,https://www.youtube.com/playables/Ugkx0WXTW6srm0HuYbcnZK5KhjIF3qgfnUnw,Simulation,98 thousand plays,98000,20 Aug 2026
ASMR Color: Draw by number,https://www.youtube.com/playables/Ugkxmq13RN7QDJnAw0J1S6DIjNfuLYMGi0-Y,Brain and puzzle,98 thousand plays,98000,12 Aug 2026
Space Run - Galactic Endless Adventure,https://www.youtube.com/playables/Ugkxl_Gnsja6vZCKydBBw2XARoNuonfBJ6Td,Arcade,Galactic Endless Adventure – 98 thousand plays,98000,9 Jun 2026
Mahjong Adventure,https://www.youtube.com/playables/UgkxpiKI_75RgrbRnewgJ-WvrrW2l00fx-mJ,Brain and puzzle,98 thousand plays,98000,5 Jun 2026
Cosmic Paw,https://www.youtube.com/playables/UgkxxiHJ_wQBsmSm9rcXV2EY6yh7fCatGIyi,Action,98 thousand plays,98000,25 Feb 2026
Reikon Buddy Skygarden,https://www.youtube.com/playables/Ugkx4PKzdjnCrHx0Y_278buinVm2Xa021qAF,Simulation,98 thousand plays,98000,28 Jan 2026
"Tiny heroes tap, defeat monsters, collect loot!",https://www.youtube.com/playables/UgkxkmvYknTnH5V-0d7RIRQOQP5puhHHP75D,RPG and strategy,97 thousand plays,97000,26 Jun 2026
Cryptic Words: Word Puzzle Game,https://www.youtube.com/playables/Ugkx88dG3zEPBAy4Dy6-VuLrRqAgeCx9N97e,Trivia and word,97 thousand plays,97000,17 Jun 2026
Nut Jam,https://www.youtube.com/playables/UgkxYlOLwlH92x6Lp-o8lrJzevZFK1WOf3iL,Brain and puzzle,97 thousand plays,97000,21 Apr 2026
Cake Slice Sort 3D,https://www.youtube.com/playables/Ugkx-PQur8AoVPXIOr1SN_EV6mC0Y8eDntCA,Brain and puzzle,96 thousand plays,96000,20 Aug 2026
1 Moose 1 World,https://www.youtube.com/playables/UgkxL0TbgQuBOOYD3VonSkWbjRPCkoUdJ7ST,RPG and strategy,96 thousand plays,96000,13 Mar 2026
Sort the Splash,https://www.youtube.com/playables/Ugkx6ZVSc9rAoWkrJxR2YCX6w2oPj0NeqoBi,Brain and puzzle,95 thousand plays,95000,11 Aug 2026
Neon Jumper Cosmic Cat,https://www.youtube.com/playables/UgkxvAMblDR6KMRK6fND6I5VhQfizqXJngkA,Arcade,95 thousand plays,95000,10 Aug 2026
Coin Match,https://www.youtube.com/playables/UgkxqSSa7vbm5JYtxv4wWU8ZSm5jka9xymfM,Brain and puzzle,95 thousand plays,95000,1 Jul 2026
Dunk Fever,https://www.youtube.com/playables/UgkxfrSZ7zF89lYVFkUuqo5d_70Z5cTau2IY,Arcade,94 thousand plays,94000,30 Jul 2026
Spider Solitaire Blue,https://www.youtube.com/playables/UgkxOo1HtQzop5Yuu-gBspDfI_BQGATExEOB,Brain and puzzle,94 thousand plays,94000,29 Jun 2026
Bouncy Fruits,https://www.youtube.com/playables/Ugkxp8MxUDauunC2C_E--8dwEzlwFPgqwnoV,Arcade,94 thousand plays,94000,10 Jun 2026
Mahjong Classic,https://www.youtube.com/playables/UgkxHk3wxSRhUXhln6zDOdmnY-Iv0ohqTulj,Brain and puzzle,94 thousand plays,94000,21 May 2026
Mahjong Royal - Classic Puzzle,https://www.youtube.com/playables/UgkxT4SPDYo8HYKqDAUFQiGcth5aAjes_Vq6,Brain and puzzle,Classic Puzzle – 93 thousand plays,93000,29 Apr 2026
Fieryluigi's Garden of Hope,https://www.youtube.com/playables/UgkxJxZJHkgwq5baCF2bziWX0vLC9u5tzt-v,Simulation,93 thousand plays,93000,20 Feb 2026
Jompy Jump,https://www.youtube.com/playables/Ugkxr-RzU7eo-6QV09ypfpO0QAl8SC0FUufU,Arcade,92 thousand plays,92000,21 Aug 2026
Daily Chess Puzzle,https://www.youtube.com/playables/Ugkxe3aZiuMGEiK97ML_LoUGLPutrDcEdZk0,Board and card,92 thousand plays,92000,17 Mar 2026
Drone Package Unboxing Drop — KhanFlicks,https://www.youtube.com/playables/UgkxJNGpISLHVXt4nRTe0rsBQBFBDq7x1cM_,Arcade,92 thousand plays,92000,14 Mar 2026
Tiles Island,https://www.youtube.com/playables/Ugkx1HgGclcaH8u2hzbvTnmds-WOTOut9ssv,Brain and puzzle,92 thousand plays,92000,24 Feb 2026
Cliff Survival,https://www.youtube.com/playables/UgkxUBLueRhp3Hrin5rnwVV0OBBFX3IqY__p,Arcade,91 thousand plays,91000,14 Aug 2026
Human Verification,https://www.youtube.com/playables/UgkxHdkwpf63wV7pQvaimwWCkJfcrELLrJmJ,Brain and puzzle,90 thousand plays,90000,14 Aug 2026
Quizmania: Trivia game,https://www.youtube.com/playables/UgkxzbJP8eRrv7WBFGPbrmumzk7SunTAjk6o,Brain and puzzle,90 thousand plays,90000,9 Jun 2026
Doc Legendary's Prior Auth Adventure (Volume 1),https://www.youtube.com/playables/Ugkxvrz3uVNbZBYNZMh3V1tj3vK7lAKp80pa,Brain and puzzle,90 thousand plays,90000,5 Feb 2026
Cat Box Merge,https://www.youtube.com/playables/UgkxUN4ZWbaPS7sgs2E89dSnnuAgrDGDduiI,Brain and puzzle,89 thousand plays,89000,19 Aug 2026
Soccer Orbit,https://www.youtube.com/playables/UgkxzYhrb5wD_ybZckjB0jv_jtjDQFyFUuP2,Arcade,89 thousand plays,89000,14 Aug 2026
Zen Blossom: Flower Tile Match,https://www.youtube.com/playables/UgkxNk9b0u9GgDoCYfo5ExHF6VL_bOnZXdzL,Brain and puzzle,89 thousand plays,89000,21 Jul 2026
Tile Adventure,https://www.youtube.com/playables/UgkxRGEDmwB9C_JXFVKoF91pfhiNVrdleXoR,Brain and puzzle,89 thousand plays,89000,7 Jul 2026
CircleTrix,https://www.youtube.com/playables/Ugkxa1Ld1l_PwGrOGBQ4dXkw5zICoBLSXhB5,Arcade,89 thousand plays,89000,8 Jun 2026
Fruit Connect 3,https://www.youtube.com/playables/UgkxhSpDSSlPC52EFsy1DZOF5v9L02XyzpzQ,Brain and puzzle,89 thousand plays,89000,5 Jun 2026
Colored Cans,https://www.youtube.com/playables/UgkxEfhnH7Gi7IPi7JLJ__U7uIdc4P5JG3KK,Brain and puzzle,88 thousand plays,88000,20 Aug 2026
Thread tangle,https://www.youtube.com/playables/Ugkxsg5D6c9ebGNgVXuXucCWwrTQmzUeH84p,Brain and puzzle,88 thousand plays,88000,13 Aug 2026
Slice Master - Fruit Slicing Challenge,https://www.youtube.com/playables/UgkxP-WlAh1GDfIsghLWgi1RIPEbZVkZi1n0,Arcade,Fruit Slicing Challenge – 88 thousand plays,88000,3 Aug 2026
Nuts & Bolts Sort Puzzle,https://www.youtube.com/playables/UgkxKofZu26dfWKG4LiDp0MxOmy5ry7pmf_u,Brain and puzzle,88 thousand plays,88000,26 Jul 2026
Dice Masters - Classic Dice Strategy Game,https://www.youtube.com/playables/UgkxbL8VU-kIaf-_jMCgC0-nAdbYxRuodxI5,Board and card,Classic Dice Strategy Game – 88 thousand plays,88000,5 Jun 2026
Block Breaker,https://www.youtube.com/playables/UgkxhFr-uJwx3eMlJFshF1f3wLYFHyOjJ0i5,Brain and puzzle,88 thousand plays,88000,29 May 2026
Brickbox,https://www.youtube.com/playables/Ugkxtdrciw4X_2FsOruyFUqgHlc62D2aqqgD,Brain and puzzle,87 thousand plays,87000,14 Aug 2026
Cricket Clash,https://www.youtube.com/playables/UgkxGxy5c3S_w-Km2sT29-3jgaXQDDsEYRXk,Sport,87 thousand plays,87000,5 Aug 2026
Magnet Balls 2,https://www.youtube.com/playables/Ugkxaje5oLfdRqlq-JKu3v5lE0KWhR2p-gIb,Brain and puzzle,87 thousand plays,87000,30 Jun 2026
Color Nuts,https://www.youtube.com/playables/UgkxiWDlGDe-rFMqJ5JvjCgBJuGnwvEB5Z-t,Brain and puzzle,87 thousand plays,87000,8 Jun 2026
Solitaire - Classic Card Puzzle Game,https://www.youtube.com/playables/UgkxA5snIhBDXc_av8BhLSMsZcxrIjsHqS5m,Board and card,Classic Card Puzzle Game – 87 thousand plays,87000,29 May 2026
Perfect Pump,https://www.youtube.com/playables/UgkxfxTDO18ErePXSa4KeVnxrfICuYiE9Ui5,Arcade,87 thousand plays,87000,25 May 2026
Number Sum,https://www.youtube.com/playables/UgkxeYgdIX8nKlRBVN5soYTbBPDtLF-moqm1,Brain and puzzle,86 thousand plays,86000,13 Aug 2026
Jigsaw Journey,https://www.youtube.com/playables/Ugkx981z6InC45kU_FASwrxJWZDrAheRwN3K,Brain and puzzle,86 thousand plays,86000,7 Jul 2026
Bubble Letters,https://www.youtube.com/playables/UgkxzJqeCERtMQ7-CstNtGaYZTWq24XY6Ivk,Brain and puzzle,86 thousand plays,86000,17 Jun 2026
4 Colors,https://www.youtube.com/playables/Ugkx_5oMtxxgVXTMiRv74T6Ue43EKMkSNKxw,Board and card,85 thousand plays,85000,20 Aug 2026
Spin Match – Fast Paced Color Puzzle Game,https://www.youtube.com/playables/UgkxgNOwJZmWhoClPb4YiJsh534Mmz7qXsD5,Brain and puzzle,Fast Paced Color Puzzle Game – 85 thousand plays,85000,27 May 2026
Army Evolution: Merge & Tactics,https://www.youtube.com/playables/Ugkx_AmGT9Ei8qSa_9HxcWf6FcQWhYZe5ahh,RPG and strategy,84 thousand plays,84000,18 Aug 2026
Spell Survivours,https://www.youtube.com/playables/Ugkxk_ykRed-muwMU9VWltCOvBm-fYS7ukYK,Action,84 thousand plays,84000,12 Aug 2026
Food Merge Cafe,https://www.youtube.com/playables/Ugkx3PIflN-yqPeEpt0FV8Hie6yE_pNTzWWw,Brain and puzzle,84 thousand plays,84000,11 Aug 2026
Pinball FRVR,https://www.youtube.com/playables/Ugkxb8lXj9ldtzj0CvzY5CissEmSImFPmDLe,Arcade,84 thousand plays,84000,25 May 2026
Flick Gate,https://www.youtube.com/playables/Ugkx26pG0dgPZ1y4VvN2mj0VOfPVqb6-1Etf,Arcade,84 thousand plays,84000,5 Feb 2026
Flower Shop: Merge and Sell,https://www.youtube.com/playables/UgkxNj6BijiPQ_0ZYXhd4NHqtQYG7uBnM4On,Arcade,83 thousand plays,83000,30 Jul 2026
Drop Four Evolved,https://www.youtube.com/playables/UgkxRUmqH27dzdJtRotluX_ZfcBZLKUpk5a0,Board and card,83 thousand plays,83000,24 Mar 2026
Chopsticks,https://www.youtube.com/playables/UgkxmP8q8Z3swbqsl91MYrURw_M8z-7MeOyf,RPG and strategy,82 thousand plays,82000,18 Aug 2026
Hoop World: Flip Dunk Game 3D,https://www.youtube.com/playables/UgkxjC3qXLVhF0WhXi_I19r1p41KmxSGIPfX,Sport,82 thousand plays,82000,18 Aug 2026
Water Mania,https://www.youtube.com/playables/UgkxPdd8IMqLDMiZt5pmVFzINKNalmZWgTQk,Brain and puzzle,82 thousand plays,82000,14 Aug 2026
Secrets of Charmland,https://www.youtube.com/playables/Ugkxr-_cfFWTSn1jlnqWfr2xt78pQX_AfVdp,Brain and puzzle,82 thousand plays,82000,17 Jul 2026
BoxBlocks,https://www.youtube.com/playables/Ugkxg5lSMDTXMAqmdE96X4T73Mp9WQRARz85,Brain and puzzle,82 thousand plays,82000,24 Jun 2026
Sky Catch,https://www.youtube.com/playables/UgkxA-X31bYoolTyKut8F_JVliBPx2FDbc9v,Action,82 thousand plays,82000,28 Jan 2026
Tanghulu Sort,https://www.youtube.com/playables/Ugkxr8LY3kc4YBG4vF4ENhc6bUF2nnuwbXnY,Brain and puzzle,81 thousand plays,81000,4 Aug 2026
Heroes of Match 3,https://www.youtube.com/playables/UgkxxMy3LcqEe2IR8vjP48hfHZNOUAEwYJ3F,Brain and puzzle,81 thousand plays,81000,17 Jul 2026
Hoop & Balls,https://www.youtube.com/playables/UgkxYFz-JrB7PXGY2s9gqEjU6aNwOkNnKWx8,Arcade,81 thousand plays,81000,25 Jun 2026
Zumble Story,https://www.youtube.com/playables/UgkxOmnNZ7x_fegBfZN1Q3qXEZL8JHf4kOYW,Brain and puzzle,81 thousand plays,81000,18 Jun 2026
WordSearch,https://www.youtube.com/playables/UgkxgphE17ptVUDLedT-o3JcFc2a72bn9ev3,Trivia and word,80 thousand plays,80000,21 Jul 2026
Cup Conjurer,https://www.youtube.com/playables/Ugkx0AxNHLb32K5ZXlTFLL1wtRBWgoet-eDT,Arcade,80 thousand plays,80000,24 Jun 2026
Memory Puzzle,https://www.youtube.com/playables/UgkxbCrZDAIJ6ogr2HPr9jq7byT6oGXmlTBH,Brain and puzzle,80 thousand plays,80000,18 May 2026
Pinata Crush,https://www.youtube.com/playables/Ugkxv-qnuKhcFc2CTywt7_2JdVXiPg4JWbjE,Arcade,79 thousand plays,79000,14 Aug 2026
Satisfying Ball Clicker,https://www.youtube.com/playables/Ugkx17olzmPtd9wz97FNfhdFYJvneatPUtlp,Arcade,79 thousand plays,79000,7 Aug 2026
UFO Collector,https://www.youtube.com/playables/UgkxZHbbXLZm28wLgllZmT2y9eoPHURclw9b,Action,79 thousand plays,79000,6 Aug 2026
Shape Drop,https://www.youtube.com/playables/UgkxseXIb7v_urOCH-0UT9rmbwHfyKQf7ynM,Arcade,78 thousand plays,78000,14 Aug 2026
Voxel flow,https://www.youtube.com/playables/UgkxRqwmxil3C1HjWevcMryAGNiQETYVhuae,Brain and puzzle,78 thousand plays,78000,3 Aug 2026
Zoologic,https://www.youtube.com/playables/Ugkxe-B5bT41Xqg7qZ1n_q7mxd8bespSidoA,Brain and puzzle,76 thousand plays,76000,21 Aug 2026
Potion Merge,https://www.youtube.com/playables/UgkxlOVFlP3v_m3Sq-FPLUGqFVC1v6XdC1DJ,Brain and puzzle,76 thousand plays,76000,7 Aug 2026
Cloud Hopper - Sky Jump Adventure,https://www.youtube.com/playables/Ugkxhn6Gs78lL-p6tZwQ3JaPqbuKxsURz504,Arcade,Sky Jump Adventure – 76 thousand plays,76000,1 Aug 2026
Color Towers,https://www.youtube.com/playables/UgkxrYo3qW2aYQbi8sCy39UHrsBSfkTsW55R,Brain and puzzle,76 thousand plays,76000,1 Jul 2026
Pets Rush,https://www.youtube.com/playables/Ugkxt0iWx8ntPp6xNKeOgwQSZQ_amCg0bSaf,Brain and puzzle,76 thousand plays,76000,21 Apr 2026
MasterScavenger,https://www.youtube.com/playables/UgkxAhKQMJWCiUhYxQKHWtwsSg5xOjYyjjRM,Action,75 thousand plays,75000,18 Aug 2026
2048 Block Master,https://www.youtube.com/playables/Ugkxe6ohD3kuFmIGfupQGQCBYqSj3uqNoPB1,Brain and puzzle,75 thousand plays,75000,13 Jul 2026
Block Blast,https://www.youtube.com/playables/Ugkxcb-gH-9Q9k2hzliyzb_Vhc_7tc6WRB0S,Brain and puzzle,75 thousand plays,75000,29 May 2026
Fieryluigi's Seeker Friends,https://www.youtube.com/playables/UgkxPVdYKUjWGa3UrzTLqEL-FPlxFg-hlKf2,Action,75 thousand plays,75000,9 Feb 2026
Love Drop,https://www.youtube.com/playables/Ugkx8K4o1e_OVcZ8SuasxyjdzU54IJVLX4dq,Brain and puzzle,74 thousand plays,74000,5 Aug 2026
Association Bubble Merge,https://www.youtube.com/playables/Ugkx6HQTph91x7mkdcHBqgdoN-8ivjHDRJ4j,Trivia and word,73 thousand plays,73000,7 Aug 2026
Panda Match Ten,https://www.youtube.com/playables/Ugkx9bike3y9OwdxY_1FFh8cY1ptCaTTGqlk,Brain and puzzle,73 thousand plays,73000,20 Jun 2026
Sort The Food 3D by @uk4deeGames,https://www.youtube.com/playables/UgkxWfAS6edfAXKGdMV-D9F-LyOsRuA4tdC6,Arcade,72 thousand plays,72000,12 Aug 2026
Parking Fenzy,https://www.youtube.com/playables/UgkxrjiwoMFTrxitr0V0r9HP_P-CuLLzQ3SH,Brain and puzzle,72 thousand plays,72000,7 Aug 2026
Patisserie Push,https://www.youtube.com/playables/UgkxwVhpdMKWmjOV33b6Qwiw8z0EoJbUK9pw,Brain and puzzle,72 thousand plays,72000,5 Aug 2026
Take a Card - Go Fish,https://www.youtube.com/playables/UgkxjR0d5hQI9tENnMu7Khv4Z3lbH_sPPT29,Board and card,Go Fish – 72 thousand plays,72000,10 Jun 2026
Daily Ludo,https://www.youtube.com/playables/UgkxzP2NmEkyKCcv9-N-VHmLjK8tiKN8g65K,Board and card,71 thousand plays,71000,6 Aug 2026
Remove the Arrows,https://www.youtube.com/playables/UgkxVvNxURhuiprPfAzA-LapYrXGv0h2fY2R,Brain and puzzle,71 thousand plays,71000,31 Jul 2026
Solitaire: Card Master,https://www.youtube.com/playables/UgkxwTt6z74tPSSpCl_-NpU9_KcfE6mRu_bm,Brain and puzzle,71 thousand plays,71000,28 Jul 2026
Emoji Catcher - Catch Crazy Falling Emojis,https://www.youtube.com/playables/UgkxgmzhrzCGyojT4yQWE8XnA1IvYo5JaPqB,Arcade,Catch Crazy Falling Emojis – 71 thousand plays,71000,28 May 2026
Paint'em All,https://www.youtube.com/playables/Ugkx9BExeOKfO-Im3A6BkLfAEUFX6O6qKGfL,Brain and puzzle,70 thousand plays,70000,6 Aug 2026
Match 3 BunBun's Wasteland,https://www.youtube.com/playables/UgkxXE6ppdHhTcxnVl0Mw7ySUoACSiYqF0Ul,Brain and puzzle,70 thousand plays,70000,27 Jan 2026
2048 Pizza,https://www.youtube.com/playables/UgkxyDmhFEnNDJoFeAe0GkgG9U5dQXUrJ81B,Brain and puzzle,69 thousand plays,69000,13 Aug 2026
Word Reef: Word Sort Puzzle,https://www.youtube.com/playables/UgkxKHo4W2ghggEpJYv-9sa_SPAp8Tq3K_HK,Brain and puzzle,69 thousand plays,69000,11 Aug 2026
Pop The Birds,https://www.youtube.com/playables/UgkxCS9PaUnDroV3-LZ0ZY0O_k8QC4YpllXx,Brain and puzzle,69 thousand plays,69000,28 Jul 2026
Phrasle Master,https://www.youtube.com/playables/Ugkx5kI8kT9pWUyhspWqKECHzXDEeo6Yzuu3,Trivia and word,69 thousand plays,69000,24 Jul 2026
Line Link,https://www.youtube.com/playables/UgkxNyiH3pbMT_c27cUmghpMr-l6CfI-VwR1,Brain and puzzle,69 thousand plays,69000,22 Jul 2026
CONNECT,https://www.youtube.com/playables/UgkxedfJ3OB4XHVe9WSr36ra1uHWOZ7enYol,Brain and puzzle,69 thousand plays,69000,16 Jun 2026
Football Stars,https://www.youtube.com/playables/UgkxomMOKe9v_M2CMediHiBpA4d7DMKC9l8H,Action,68 thousand plays,68000,21 Aug 2026
Logic Lab,https://www.youtube.com/playables/UgkxR1iIR5AJRyu2TrIqj1q2Szy0qEmZJjsm,Brain and puzzle,68 thousand plays,68000,17 Aug 2026
Gear Army,https://www.youtube.com/playables/Ugkx5LyS08UoSPCBtobWgiSe3Y1Gv1tMGO4t,RPG and strategy,68 thousand plays,68000,12 Aug 2026
Walls – What needs to come down,https://www.youtube.com/playables/Ugkx8mLM8U9XHjBNzOpiHmINOSU-S315hcL0,Arcade,What needs to come down – 68 thousand plays,68000,2 Aug 2026
Spades,https://www.youtube.com/playables/Ugkxz2z2FmZUvyYOy-qgC-KeKbImA1l0zmZ6,Board and card,68 thousand plays,68000,30 Jul 2026
Magic Bubbles,https://www.youtube.com/playables/Ugkx3CeVcIz-7asHlJs6hbHhgaOzHtuX5-rn,Arcade,67 thousand plays,67000,10 Jul 2026
Connect Cycle,https://www.youtube.com/playables/UgkxLNFYraBqGUmPmD8AXRp77zPf7eZ_G8p6,Brain and puzzle,67 thousand plays,67000,26 Jun 2026
Warehouse 24/7,https://www.youtube.com/playables/Ugkxic8vwpDmG4noEbu2bwLxSHFn7XatRv1z,Arcade,66 thousand plays,66000,17 Aug 2026
Ninja Dragon,https://www.youtube.com/playables/UgkxBmKXeIfF6gyAnCrjTnl6ZmdXMSjv28hu,Arcade,66 thousand plays,66000,12 Aug 2026
Plinko Click,https://www.youtube.com/playables/UgkxTKk8C0zrVxwVjQAHU4rAKN5h2Pwdlayk,Arcade,66 thousand plays,66000,12 Aug 2026
Word Genius,https://www.youtube.com/playables/Ugkx0Lpc5ZPc10ZMySwxExUp7CapMbsK5RF0,Brain and puzzle,66 thousand plays,66000,6 Jul 2026
Word Ladder,https://www.youtube.com/playables/UgkxNozOq7QzTIjDI5FY0XNN0OhwTZeZ0VEn,Trivia and word,66 thousand plays,66000,3 Jul 2026
Word Scramble - Family Tales,https://www.youtube.com/playables/UgkxWoBDJD16Rxojjtrr7S962Wl2O31_KCSc,Trivia and word,Family Tales – 66 thousand plays,66000,2 Jul 2026
Solitaire Classic,https://www.youtube.com/playables/UgkxOLopA6AaKISULfzvt4daC6m9oS-61Byp,Board and card,66 thousand plays,66000,16 Jun 2026
Find the Ghost,https://www.youtube.com/playables/UgkxQsQ3RPiwpuJVgkMTdJpeuOSzxIK-XAGC,Brain and puzzle,65 thousand plays,65000,11 Aug 2026
8-Ball Billiards - Classic Cue Challenge,https://www.youtube.com/playables/UgkxtLQMGPN_VgZrv18cAdSte58MzGSMM3l1,Sport,Ball Billiards - Classic Cue Challenge – 65 thousand plays,65000,5 Aug 2026
Mahjong Cute Tiles,https://www.youtube.com/playables/UgkxBKfEuHHlXACbXdy0Z4IUazbzvg_Qbbco,Brain and puzzle,65 thousand plays,65000,1 Jul 2026
Atari Asteroids,https://www.youtube.com/playables/UgkxEY5x9Q7VAn8OLT1pzVm8IX3lBPVgIZzu,Arcade,65 thousand plays,65000,25 Jun 2026
Connect Zip,https://www.youtube.com/playables/UgkxY7STFTGAmlPftugR40j9APtcUsCmHhzi,Brain and puzzle,65 thousand plays,65000,16 Jun 2026
2048 NEON,https://www.youtube.com/playables/UgkxpspH-9Ngn4XQU464Z-hdqJy08S6nkA0d,Brain and puzzle,65 thousand plays,65000,15 Jun 2026
Tennis Legends,https://www.youtube.com/playables/UgkxQdmSIR7axf2XbJTCXQGhXz88fyCprzrx,Sport,64 thousand plays,64000,17 Aug 2026
Sudoku Infinity,https://www.youtube.com/playables/UgkxMYi4ohvNf3QfgfZLx6AZK-FMDi_aTkmY,Brain and puzzle,64 thousand plays,64000,7 Aug 2026
Solitaire Spider,https://www.youtube.com/playables/Ugkx70GN3c-DiVFxHcOCUWd3_-80GfNajPSL,Board and card,64 thousand plays,64000,29 Jun 2026
Jumper Quest,https://www.youtube.com/playables/UgkxT5gJvmMaWkqhkYORmAvpvk59SK4oGM4Z,Brain and puzzle,63 thousand plays,63000,1 Aug 2026
Thud Squad,https://www.youtube.com/playables/Ugkx2tWGek9TA-4ngOzbMdxU_EZFpBs_9gam,Arcade,62 thousand plays,62000,20 Aug 2026
Flipper Dunk 3D,https://www.youtube.com/playables/UgkxN_uE-NuuXJoEsvEurFUtLA_fZLS9_B63,Arcade,62 thousand plays,62000,18 Aug 2026
Rolling In Gears,https://www.youtube.com/playables/Ugkxa_gKafHj7llLHRIWJLWr6I1_4aRlzmHx,Brain and puzzle,62 thousand plays,62000,11 Aug 2026
Block Buster Puzzle Blast,https://www.youtube.com/playables/UgkxtiOo2mS9fKOLrbHESzcq7z2IePyu7nHO,Brain and puzzle,61 thousand plays,61000,21 Aug 2026
Ants Collect 3D by @uk4deegames,https://www.youtube.com/playables/UgkxlAiHn-kcRUrYyo1m3GtnlD7tEDi8GMgZ,Brain and puzzle,61 thousand plays,61000,18 Aug 2026
Seating Frenzy,https://www.youtube.com/playables/UgkxGsbq6mWOxwg7_ydAg7Bk3k3gBYqrTEF_,Brain and puzzle,61 thousand plays,61000,7 Aug 2026
Stick The Blocks 3D by @uk4deegames,https://www.youtube.com/playables/Ugkxpb-AL4cLMuGFMVe4f8FJhOaoA5ZptmmO,Arcade,60 thousand plays,60000,21 Aug 2026
Roundy Block,https://www.youtube.com/playables/UgkxYQsiLj832wWolxV27ibjAPrTSsBbAOMT,Brain and puzzle,60 thousand plays,60000,18 Aug 2026
Basket Champ,https://www.youtube.com/playables/UgkxAuf38Ld-sXUI6PRbFsFl7R0JYFXXEJFn,Sport,60 thousand plays,60000,17 Aug 2026
Arrow Escape : Tap Puzzle Game,https://www.youtube.com/playables/UgkxMPSKKe9PkNzErH0m1DbtliAogqQ4X07T,Brain and puzzle,60 thousand plays,60000,1 Aug 2026
Thread Match,https://www.youtube.com/playables/Ugkx9skVKDQ2txGpM9dwgFFwI0HCm5_leUFE,Brain and puzzle,59 thousand plays,59000,13 Aug 2026
TapTap Arrow Classic,https://www.youtube.com/playables/UgkxcO6T9240U_hnvp4eKWSxmfLsBP4fMcW4,Brain and puzzle,59 thousand plays,59000,7 Aug 2026
Cube Sort,https://www.youtube.com/playables/UgkxXgKGaCd2ZaZxB9nOwdmjK8j2c5s7QyQ0,Brain and puzzle,59 thousand plays,59000,4 Aug 2026
Classic Nonogram,https://www.youtube.com/playables/UgkxlUFmilnXxc6Z8kXr39AAeyjd9ZMRpda8,Brain and puzzle,58 thousand plays,58000,13 Aug 2026
Trio Tile Puzzle,https://www.youtube.com/playables/UgkxvD4aulJ8MCvUlpCwroUMaAN-L9Uw8E_f,Brain and puzzle,58 thousand plays,58000,2 Jul 2026
Color Balance,https://www.youtube.com/playables/Ugkx_djEgcaGFUKGtjaTUK9alekTZ6RjJOnO,Brain and puzzle,58 thousand plays,58000,19 Jun 2026
Solitaire Ninja - Classic Solitaire Card Game,https://www.youtube.com/playables/UgkxnF4pbe7lFe9PbQOFd7i5m2LkhZ5WRGoj,Board and card,Classic Solitaire Card Game – 58 thousand plays,58000,25 May 2026
Master Checkers,https://www.youtube.com/playables/Ugkx513r2lHf2Znuu5NIbx1EO2Vn5GyHS6aK,Board and card,57 thousand plays,57000,20 Aug 2026
Stickman Smash Tower,https://www.youtube.com/playables/Ugkx4IxZUK2-UTEyjqAzi3yhZLQj2FOs3Vak,Arcade,57 thousand plays,57000,20 Aug 2026
Cannon Basket,https://www.youtube.com/playables/UgkxXGZF1ssNFIBO08DZufexwXc7gQWwEMwh,Brain and puzzle,57 thousand plays,57000,13 Aug 2026
Tap Gallery: Unpuzzle Images,https://www.youtube.com/playables/UgkxknE--A-VVHTPR5oF9VL_3Y930bQdyGWY,Brain and puzzle,57 thousand plays,57000,6 Aug 2026
Funny Merges: Grow a Flower,https://www.youtube.com/playables/UgkxtppRc2MtOcs9e_pTe6NwmHfjbKqavNDx,Brain and puzzle,57 thousand plays,57000,1 Jul 2026
"Candy Escape - Match, Burst & Escape",https://www.youtube.com/playables/UgkxqfJ7RbmOBg2v2I1V7_ywDPYWvrFIaLJl,Brain and puzzle,"Match, Burst & Escape – 57 thousand plays",57000,30 Jun 2026
Spiderette,https://www.youtube.com/playables/UgkxWmtgHEWKYTzPWVl6qwZ8KuaVWLlulUL8,Board and card,57 thousand plays,57000,25 Jun 2026
Pongis Ice,https://www.youtube.com/playables/Ugkxz3LMthcHLvUa5DhFUFYrcgvcvrFB3wRP,Sport,56 thousand plays,56000,21 Aug 2026
2020 Connect,https://www.youtube.com/playables/UgkxRJmUGVhEaxtVFjwQWOWz2_jBhc8fbfrd,Brain and puzzle,56 thousand plays,56000,2 Jul 2026
Brain Master,https://www.youtube.com/playables/Ugkx7LdpkpzrkpZrL02y9kIDomVO_GgKjlfB,Brain and puzzle,55 thousand plays,55000,22 Aug 2026
Solitaire Mahjong Classic,https://www.youtube.com/playables/UgkxnFWKoIDWpDc9JHv_WaCvRXj1AWXy_b9j,Board and card,55 thousand plays,55000,6 Jul 2026
Bunny & Cat Café Match,https://www.youtube.com/playables/UgkxuoHLlyGhrttvzO-N0CxIb-NxvIyOtge6,Brain and puzzle,55 thousand plays,55000,11 Feb 2026
Bubble Bandit,https://www.youtube.com/playables/UgkxNn23EpkEu-3Qo9KR3lqz9Rz2kNkrDAcf,Arcade,54 thousand plays,54000,10 Jul 2026
FreeCell - Classic Solitaire Challenge,https://www.youtube.com/playables/Ugkxz2yOM4PZzIrzZQwRZlGQ71aupxV2P49o,Board and card,Classic Solitaire Challenge – 54 thousand plays,54000,7 Jul 2026
Sort Dash Color Match!,https://www.youtube.com/playables/UgkxiL8inkdCB6XE6jZwiB0j19WzGCwobU57,Brain and puzzle,53 thousand plays,53000,21 Aug 2026
Blasting Blocks,https://www.youtube.com/playables/UgkxTcPwmd3D2TQyjv_rUKb6Z9UFpRSqJ_jt,Brain and puzzle,53 thousand plays,53000,3 Aug 2026
Meos Blash,https://www.youtube.com/playables/UgkxFN0MrSz_GEdaKzF69VuwbQp5pVYTA0We,Brain and puzzle,52 thousand plays,52000,10 Aug 2026
Sheepdoku,https://www.youtube.com/playables/Ugkx0Au92A882uYZ7sMORyW7vhjZQ0XasT1G,Arcade,52 thousand plays,52000,5 Aug 2026
Cards 21,https://www.youtube.com/playables/Ugkxb4fiP7TFmmZo_I1_fJLDskzxocz4-jZq,Brain and puzzle,52 thousand plays,52000,3 Jul 2026
Jelly Jumble,https://www.youtube.com/playables/UgkxyYGfm0r4F9ZFlDwVRTASXpDZEiuPT8gX,Brain and puzzle,51 thousand plays,51000,1 Aug 2026
Spider Solitaire,https://www.youtube.com/playables/Ugkx9G7v4nyr2L6HM-4gb6NsUjK8DfCHTVPH,Board and card,51 thousand plays,51000,20 Jul 2026
Ultimate Archer,https://www.youtube.com/playables/UgkxfEdJwjcWgfQ8FYFDirW2F3gy7MKI_z3d,Sport,50 thousand plays,50000,18 Aug 2026
Emoji Solitaire,https://www.youtube.com/playables/Ugkx2IqZs5EjQjdXXgACQXRia_8DIqVhhiRN,Board and card,50 thousand plays,50000,10 Aug 2026
Bolts Nuts - Sorting Master,https://www.youtube.com/playables/Ugkx2AjYzuUsAuqBesIxtp6UcsfX4JxIJrek,Brain and puzzle,Sorting Master – 49 thousand plays,49000,19 Aug 2026
Pipe Alchemy,https://www.youtube.com/playables/Ugkx1tPDExQToO_PKo7lHitWP-Kcz2NTQGoF,Brain and puzzle,49 thousand plays,49000,17 Aug 2026
Screw Spin,https://www.youtube.com/playables/UgkxzqN9bn_VYC8dS8vYo3bIzoJ34gJW0-G1,Brain and puzzle,49 thousand plays,49000,10 Aug 2026
Space Blust 360,https://www.youtube.com/playables/UgkxH7V2TaeywEt2CxRz66itLsa-pgKaPiYf,Arcade,49 thousand plays,49000,6 Aug 2026
Crosswords: Big Collection,https://www.youtube.com/playables/UgkxR3Wfzkkve9nidmFeadMxfwMzdw_9G_Js,Brain and puzzle,49 thousand plays,49000,27 Jul 2026
Backgammon Mobile,https://www.youtube.com/playables/UgkxcT4k_NxBPJNmM-EO3ipRzlpO6YWcSkg6,Board and card,49 thousand plays,49000,17 Jul 2026
Reverse Minesweeper,https://www.youtube.com/playables/Ugkx4jXrdbymBz1fjKRCrF9Wu0ubE6ISgB5g,Brain and puzzle,49 thousand plays,49000,30 Jun 2026
Wordalle!,https://www.youtube.com/playables/UgkxMO6fIxBdANmSKmikXf8wzaoEFsa-25nS,Trivia and word,49 thousand plays,49000,17 Jun 2026
Office Paper Toss,https://www.youtube.com/playables/UgkxQb6xfHnEhZJZE32bJPI3Il6mbmG8STWt,Arcade,48 thousand plays,48000,19 Aug 2026
Fantasy Tower Defense,https://www.youtube.com/playables/UgkxXqtiF9J_6fdh1UGZsw_8nEJkcdUgh7eJ,RPG and strategy,48 thousand plays,48000,3 Aug 2026
Mahjong Magic Islands,https://www.youtube.com/playables/UgkxJcIdVH9ko6aBjF20J6L8IdYb_-E0WLfK,Brain and puzzle,48 thousand plays,48000,16 Jul 2026
Hand Daily,https://www.youtube.com/playables/Ugkx1wZ5ulOiLSvi9ZkgClTxIrGNKQD6Qu1M,Board and card,48 thousand plays,48000,28 May 2026
Zero One Protocol,https://www.youtube.com/playables/UgkxHXSiwahuUnCmy1GewqZEnb50QI--q-3O,Brain and puzzle,47 thousand plays,47000,17 Aug 2026
Take Apart the Cube,https://www.youtube.com/playables/UgkxWdaSniurglYncWNcJL7V5RccF-Zp0AHe,Brain and puzzle,47 thousand plays,47000,4 Aug 2026
Hidden Words,https://www.youtube.com/playables/UgkxCXitcXkaTLfDU2zucyrqsLApSu7sGcon,Trivia and word,47 thousand plays,47000,25 Feb 2026
Bubble Blaster,https://www.youtube.com/playables/Ugkxx2yjgGbAQE123vRqpLpuQm4lW3py_lcg,Arcade,45 thousand plays,45000,21 Aug 2026
Ducks Escape,https://www.youtube.com/playables/UgkxEcSHQMPUJBwDSAB6d052Kv4znKmi2iqC,Brain and puzzle,45 thousand plays,45000,12 Aug 2026
Domino Online,https://www.youtube.com/playables/UgkxS3_JorV1ZrEhB5yUq0LGEMd9ucRlLVX7,Board and card,45 thousand plays,45000,7 Aug 2026
Jigsort,https://www.youtube.com/playables/UgkxxZp1GYT0i8h5kbQwEhHptXQyKtWUtUvS,Brain and puzzle,44 thousand plays,44000,17 Aug 2026
Jewels Blitz,https://www.youtube.com/playables/UgkxgcRxNvCwImSzsV19_TJt8p0_O3OBiI36,Brain and puzzle,44 thousand plays,44000,21 Jul 2026
BUILDOBAN,https://www.youtube.com/playables/Ugkx1VSKxkglrnIIeBdXRg625K4aWH2q87PR,Brain and puzzle,44 thousand plays,44000,18 Jun 2026
Sudoku Online,https://www.youtube.com/playables/UgkxBDKih7Ua9XvmkqWkNKKo47DILkrsg90T,Brain and puzzle,43 thousand plays,43000,17 Aug 2026
Block Fill Satisfying Puzzle Game,https://www.youtube.com/playables/UgkxPyuXgN1xkjo8TbKiWomO-s63-7drlRzc,Board and card,43 thousand plays,43000,23 Jun 2026
Pool Breaker,https://www.youtube.com/playables/UgkxUAZ-a_d77EOvTfzoTj0NRmIrYQMe9xwL,Arcade,42 thousand plays,42000,21 Aug 2026
ASMR Sort: Mini Games DIY,https://www.youtube.com/playables/UgkxB-VPme8H2IjUDIUJyNZn97L5KRKW4xjN,Arcade,42 thousand plays,42000,12 Aug 2026
Profile Perfect,https://www.youtube.com/playables/UgkxE8GMT8v6GO78eStiJLGmPm9ReKXJf3XY,Brain and puzzle,42 thousand plays,42000,4 Aug 2026
Hearts,https://www.youtube.com/playables/UgkxQ81qy1-v26N3ibbHcp1lGgqttCf0dDpc,Board and card,42 thousand plays,42000,23 Jul 2026
Magnet Balls Pro,https://www.youtube.com/playables/UgkxPIFijZFujpxx8KumCAg4-z3s7nOdmXHI,Brain and puzzle,42 thousand plays,42000,10 Jul 2026
Propello,https://www.youtube.com/playables/UgkxlMIPF3CfLjgOtdYBLnsOK-DOIDOsm8V2,Arcade,41 thousand plays,41000,20 Aug 2026
Color Block Puzzle,https://www.youtube.com/playables/UgkxSzRofVIVYO6tHct3EGor7ceCc5phw0ZI,Arcade,41 thousand plays,41000,6 Aug 2026
Doodle Block Puzzle,https://www.youtube.com/playables/UgkxT38sIXqZ8Tr--E-FHySpIB6ZP0vo9LH1,Brain and puzzle,41 thousand plays,41000,6 Aug 2026
Bubble Pop Mania,https://www.youtube.com/playables/UgkxjmK2R_X76wEaQKZ04GrgPf1QBe0rQG7n,Brain and puzzle,41 thousand plays,41000,28 Jul 2026
Tap 3 Mahjong,https://www.youtube.com/playables/UgkxE6JMoRDr816wfsP-d_UCeB3FJ66CQZ1u,Brain and puzzle,41 thousand plays,41000,22 May 2026
Tile Picture: Puzzle Game,https://www.youtube.com/playables/UgkxYwx0AYVWpTkaNrECdNy9k9p1-wEEJXDe,Brain and puzzle,40 thousand plays,40000,21 Aug 2026
Go Go Fruits!,https://www.youtube.com/playables/UgkxlBND38DxhGerlOF6gNTz--IYQwRnlBIs,Brain and puzzle,40 thousand plays,40000,7 Aug 2026
Topple Tower by @uk4deeGames,https://www.youtube.com/playables/UgkxgS5FY_96VmOn4YSpXYT67dlxWL7tPpMb,Brain and puzzle,40 thousand plays,40000,7 Aug 2026
Zoo Stack,https://www.youtube.com/playables/Ugkx1h1_kP0OddX-fhSgvawssiwjwn9l-GgR,Arcade,40 thousand plays,40000,6 Aug 2026
Solitaire City Journey,https://www.youtube.com/playables/UgkxVw3D_aOzO8o_gfetiPXBuNaM1BRNeVI6,Board and card,40 thousand plays,40000,1 Jul 2026
Catch All Flies,https://www.youtube.com/playables/Ugkx653VWQFr6uenUGNFebqDJ0G0wQSWMZAG,Brain and puzzle,39 thousand plays,39000,12 Aug 2026
Addiction Solitaire,https://www.youtube.com/playables/UgkxCy1rshNHIPlT54tBuXaEEVxgGek2_hrx,Board and card,39 thousand plays,39000,14 Jul 2026
2048 Merge World,https://www.youtube.com/playables/Ugkx7rlkt3ZNQxWcJZ3ERnQT6vcP9cw0bnpo,Brain and puzzle,39 thousand plays,39000,1 Jul 2026
Fledge,https://www.youtube.com/playables/Ugkx3_lI8vqj17lu5wmqa4I17XaDbaJ6tYrB,Arcade,38 thousand plays,38000,21 Aug 2026
Survive,https://www.youtube.com/playables/UgkxktnVyBWGngI9Fb1_LFxFzxNlwkNNnGag,Arcade,38 thousand plays,38000,14 Aug 2026
Tile Master - Classic Match,https://www.youtube.com/playables/UgkxlCWCw8cghp6ErRMq__A17yb0fFYg2GXV,Brain and puzzle,Classic Match – 38 thousand plays,38000,1 Aug 2026
Neon Challenge Legends,https://www.youtube.com/playables/UgkxbgPy3JtGpO5dAXa8FGbFIaGMrhPuW0da,Arcade,37 thousand plays,37000,13 Aug 2026
Tile Valley,https://www.youtube.com/playables/Ugkx86I19DZWWVcyCIVlP93UBh_HhOB6hMDe,Brain and puzzle,37 thousand plays,37000,11 Aug 2026
Hexa Master,https://www.youtube.com/playables/Ugkxyh-dKP1zCsDb5xoSh-unHTzwcJotr8Dl,Brain and puzzle,37 thousand plays,37000,4 Aug 2026
Daily 6: Word Guess,https://www.youtube.com/playables/UgkxOjMoP6QAtmcVu2TfoVNulmfnfl9vjfX5,Brain and puzzle,37 thousand plays,37000,3 Aug 2026
Number Blast 2048,https://www.youtube.com/playables/Ugkx908lWLsaLX6tY_T729KyExd09CJx9Jfg,Brain and puzzle,36 thousand plays,36000,17 Aug 2026
SlimeLab,https://www.youtube.com/playables/Ugkxg8NwZQIps0WV2ht7Xowft2ZR__qmWoFA,Brain and puzzle,36 thousand plays,36000,17 Aug 2026
Kitty Grid Puzzle,https://www.youtube.com/playables/UgkxexZUZMTlgLIjjyN9VZTMnUg1akYH3wdI,Brain and puzzle,36 thousand plays,36000,12 Aug 2026
Hexa Blast,https://www.youtube.com/playables/Ugkx19lk65Aeob14vziKvHzuQkNO5F1zJAsi,Brain and puzzle,36 thousand plays,36000,30 Jul 2026
Kitty Block Fit,https://www.youtube.com/playables/UgkxRTxZeBUOQjnjX1FmYhk4VLJrNFIlwYCw,Brain and puzzle,35 thousand plays,35000,17 Aug 2026
Hexa Sort Classic,https://www.youtube.com/playables/UgkxKh2Kg746-Uy2z5LhBCM5gAzdtCQ5azPc,Brain and puzzle,35 thousand plays,35000,7 Aug 2026
Draw The Snake,https://www.youtube.com/playables/UgkxIx5pfa_4-nQgsNaUjIominG3XaBDXZOh,Arcade,35 thousand plays,35000,6 Aug 2026
Backgammon,https://www.youtube.com/playables/UgkxEydDcE41GZMxETdJbK6zv3_Q7PSDGlP2,Board and card,35 thousand plays,35000,29 Jul 2026
Merge Balls 3D,https://www.youtube.com/playables/UgkxmSIlRcHUPxChJX_0URQUtmUiVruA2Vuf,Brain and puzzle,34 thousand plays,34000,10 Aug 2026
Crocword,https://www.youtube.com/playables/Ugkxr6Dj8DcSlvrzV29HbubO-9fPPxOrsP9T,Trivia and word,34 thousand plays,34000,4 Aug 2026
Collect and Sell Flowers,https://www.youtube.com/playables/UgkxcG4hDzBb5cBenzywXkImPfP4jU4O2p30,Brain and puzzle,33 thousand plays,33000,14 Aug 2026
Squishy Sheep,https://www.youtube.com/playables/UgkxqKpiYV6HSj5-8EbBFjo0zSWNDKLLLVIE,Brain and puzzle,31 thousand plays,31000,19 Aug 2026
Knife Hit,https://www.youtube.com/playables/UgkxsLujJDwNzV9jKhisGuIB182JNgYPUAc7,Arcade,31 thousand plays,31000,18 Aug 2026
Spectrum 6,https://www.youtube.com/playables/UgkxKwtWgb66HUTBOmUS-cDGIAU7AZIuhj5L,Brain and puzzle,31 thousand plays,31000,11 Aug 2026
Mahjong build farm,https://www.youtube.com/playables/UgkxoFa9hloyXhE3QM6MfDX4k-xcgboVOK-p,Brain and puzzle,30 thousand plays,30000,21 Aug 2026
Starleash,https://www.youtube.com/playables/UgkxtxtqoLIucnCgc04OCtfTBdectfCaecUP,Arcade,30 thousand plays,30000,21 Aug 2026
King's Table,https://www.youtube.com/playables/Ugkx5zC74JeSG8FQZpsnR4Qa62OFbG10pEqB,RPG and strategy,30 thousand plays,30000,20 Aug 2026
Pentas,https://www.youtube.com/playables/UgkxY4qmdHfTcczkRUAudOVoyzo-2Oeq4GXT,Brain and puzzle,30 thousand plays,30000,17 Aug 2026
Square Stack Sort,https://www.youtube.com/playables/UgkxQK4zBoVsiB3LPxqQ0nY8QDWZaEfH0ybV,Arcade,30 thousand plays,30000,17 Aug 2026
21 Rush - Ultimate Card Game,https://www.youtube.com/playables/UgkxvQMHxD6eHHS-IlmNaEEpgKnTuKCmr9MC,Board and card,Ultimate Card Game – 30 thousand plays,30000,10 Jul 2026
Hexa Word,https://www.youtube.com/playables/Ugkx8Lr4BBsP7TbTnOytGrhJCWcqfcx3Hd3o,Trivia and word,30 thousand plays,30000,2 Jul 2026
Goose 🪿,https://www.youtube.com/playables/Ugkx7KQoGKdkkkY3TTOakooS0Vh8X2nIcuvB,Arcade,29 thousand plays,29000,21 Aug 2026
Maze Cube: Arrow Escape,https://www.youtube.com/playables/Ugkx9DNVPW2GXXsSNdLtDap24oXua6HtEg4o,Brain and puzzle,29 thousand plays,29000,21 Aug 2026
Hex Evolved,https://www.youtube.com/playables/UgkxrK-1z1ByDiyDRY2Yf2Lxq06KgwWZDUt9,Board and card,29 thousand plays,29000,17 Aug 2026
SlideOut,https://www.youtube.com/playables/UgkxMsI4buwkV2rcPtbys9KQu3KWwncxtdNw,Brain and puzzle,29 thousand plays,29000,12 Aug 2026
Daily Spider Solitaire,https://www.youtube.com/playables/UgkxzXQVFCZ8HZpJ-1nJfmHkZp2KOUc4gK-O,Board and card,28 thousand plays,28000,14 Aug 2026
2048 Quest,https://www.youtube.com/playables/UgkxixrPmS5tqS6rkMQLVgPifJrc8IYPGaMj,Brain and puzzle,28 thousand plays,28000,12 Aug 2026
Patches Daily,https://www.youtube.com/playables/UgkxtMuFSsqE5u3jkplw0Q9xkXWHTFsJ21I3,Brain and puzzle,28 thousand plays,28000,10 Aug 2026
4x1 Picture Challenge,https://www.youtube.com/playables/UgkxJxnhZEw20prlYLuSxJdRpMXjWiGg9nqZ,Brain and puzzle,28 thousand plays,28000,6 Aug 2026
Crown & Cannon,https://www.youtube.com/playables/UgkxFdT7jS8UYt9upg2MAUPaM3IdVv_s5KoH,RPG and strategy,28 thousand plays,28000,5 Aug 2026
Pyramid Solitaire,https://www.youtube.com/playables/UgkxntxdAut0K_uFFBZ273_RG04DSvNP3Q90,Board and card,28 thousand plays,28000,29 May 2026
Knife Shot,https://www.youtube.com/playables/UgkxfxJeinEVQtFbx65YiPt7m5w4-6F02GTN,Arcade,27 thousand plays,27000,19 Aug 2026
SnapGrid,https://www.youtube.com/playables/UgkxXT8b64qPM3Am4J6X-BFZU9dM_zzkO2h_,Brain and puzzle,27 thousand plays,27000,13 Aug 2026
Mahjong Deluxe,https://www.youtube.com/playables/Ugkx7Er7ahnUo9vvFjFhSXm7ygp-QEzWyKJo,Board and card,27 thousand plays,27000,12 Aug 2026
Butterfly Kyodai,https://www.youtube.com/playables/UgkxXWobUrOFhniLUb4xw3rD3EsLt9crG7ot,Brain and puzzle,27 thousand plays,27000,3 Aug 2026
Pyramid Solitaire,https://www.youtube.com/playables/UgkxKDLbfB_GufqO5LCPrY3ezlr6xHD7YMu-,Board and card,26 thousand plays,26000,13 Aug 2026
Box Sort,https://www.youtube.com/playables/UgkxnpEs_sogX45Vqtn-Aah_QY-Im-VOYqoQ,Brain and puzzle,26 thousand plays,26000,5 Aug 2026
Hexa Sort,https://www.youtube.com/playables/UgkxgjK4Lhp9Nz3QR7zs_O5GiGiXug4dsdRo,Brain and puzzle,26 thousand plays,26000,4 Aug 2026
Reversi Evolved,https://www.youtube.com/playables/UgkxBhQhrSZ4HMcfbOdO2TvuEIqilF8ME8y7,Board and card,26 thousand plays,26000,1 Aug 2026
Connection!,https://www.youtube.com/playables/Ugkx_K6RVCnBKP7xBKMbrtu8guDJ_bb07FAW,Brain and puzzle,25 thousand plays,25000,21 Aug 2026
Connect Four Galactic Edition,https://www.youtube.com/playables/Ugkx3F0qexf6ALqBRwhFCn-mQt3CEDAu3CPT,Board and card,25 thousand plays,25000,20 Aug 2026
Nullify,https://www.youtube.com/playables/UgkxgXVjUmk2pVWcvkgDAAI0ZWLWuzZzoS7V,Brain and puzzle,25 thousand plays,25000,18 Aug 2026
Sheep around,https://www.youtube.com/playables/Ugkxtsd3cFvv62pmaVK-VaSbJUS0y8X2RjCB,Arcade,25 thousand plays,25000,13 Aug 2026
Shape Pop,https://www.youtube.com/playables/Ugkxp1B44d0wEafNrDwkVF9dgzJR0aWovwFa,Brain and puzzle,25 thousand plays,25000,6 Aug 2026
Block Fit - Puzzle Adventure,https://www.youtube.com/playables/UgkxLvGeu9uEO9GjgTA3ZK-reR9lxU3_i5fg,Brain and puzzle,Puzzle Adventure – 25 thousand plays,25000,4 Aug 2026
Fruit Match,https://www.youtube.com/playables/Ugkx5uiT1C_zuqkF760gpbu4z7O6ft0TMpVd,Brain and puzzle,25 thousand plays,25000,3 Aug 2026
Super Mahjong 3D,https://www.youtube.com/playables/UgkxXwRd8pirCeBLD6MJju4QHZQPYB_TJ0KR,Brain and puzzle,25 thousand plays,25000,22 Jun 2026
Pop Them!,https://www.youtube.com/playables/Ugkxd8iciYbv9TAz52PC_WoA_Z4gE1dyRxmW,Brain and puzzle,24 thousand plays,24000,19 Aug 2026
Bubble Blast,https://www.youtube.com/playables/Ugkxl1V9zGmOGw63zE-EMpkybnCMuBdGir44,Brain and puzzle,24 thousand plays,24000,11 Aug 2026
Starline Pinball,https://www.youtube.com/playables/UgkxbIH5SeFf8Aa2l4LNdGRR4ieGi-58pbla,Arcade,23 thousand plays,23000,21 Aug 2026
Tile Slide,https://www.youtube.com/playables/UgkxecbOkk-B4h5SWz9eW7chSrGbpJHq1Q2d,Board and card,23 thousand plays,23000,17 Aug 2026
Forest Match,https://www.youtube.com/playables/Ugkx1Uo7nDeTaM-SJMjIUuxjWa88xieMtWOu,Brain and puzzle,23 thousand plays,23000,13 Aug 2026
Fool & Lightning,https://www.youtube.com/playables/Ugkx7bR-K8Ie69oqo5G94aaQinARYulaiTIK,Arcade,23 thousand plays,23000,10 Aug 2026
Cube Quiz,https://www.youtube.com/playables/Ugkx7BTVdbWpvgN3r06p52QF5Ovy_moNKL0r,Brain and puzzle,23 thousand plays,23000,4 Aug 2026
Colors pins,https://www.youtube.com/playables/Ugkxz4M8SdT2NIAqjhFyh9Q-jRJ8x_Xn5mmn,Brain and puzzle,22 thousand plays,22000,18 Aug 2026
Yatzy Royale: Dice Game Online,https://www.youtube.com/playables/Ugkx1FKbtB-QQP0Fi4A3YhIr2t4k3IjqfnbS,Brain and puzzle,22 thousand plays,22000,12 Aug 2026
Trash Sort,https://www.youtube.com/playables/UgkxOewvGZBvX9hlCSUggf76qd3qiocnbksN,Arcade,22 thousand plays,22000,6 Aug 2026
Neon Puzzle,https://www.youtube.com/playables/Ugkxm6h2-6RHfNoJUbzf9GnJWEbRlivwv-CG,Brain and puzzle,22 thousand plays,22000,4 Aug 2026
Rummy,https://www.youtube.com/playables/Ugkxu15H5wIdAtIoEyNgljT5YWauJchURnUf,Board and card,20 thousand plays,20000,20 Aug 2026
Wordling: Daily Word Challenge,https://www.youtube.com/playables/UgkxaL97U9rrzLKgo2YdUS-i5R0ZV29jGBVf,Brain and puzzle,20 thousand plays,20000,18 Aug 2026
Scorpion Solitaire,https://www.youtube.com/playables/Ugkx1v4oBLO9VaIJIBJLVmtL_1Vuos3E6UBg,Board and card,20 thousand plays,20000,4 Aug 2026
Fruit Sling Merge,https://www.youtube.com/playables/UgkxCqNgDQ2jTWTSfQxBW9jkg-Vej78NNfKL,Brain and puzzle,20 thousand plays,20000,3 Aug 2026
Dot & Dot,https://www.youtube.com/playables/Ugkx9x0vUYocbaSz7h_K53mwFxbMqMQt_KZd,Brain and puzzle,19 thousand plays,19000,13 Aug 2026
Anagram,https://www.youtube.com/playables/Ugkxp0R8QGCk07K-c6Hn_aZyyvvowZOMFSEf,Brain and puzzle,19 thousand plays,19000,4 Aug 2026
Circus Words,https://www.youtube.com/playables/UgkxDXkANuAvtvw6qDWZrHPSzzgp9vvtHr54,Trivia and word,19 thousand plays,19000,4 Aug 2026
3d 2048 rotation,https://www.youtube.com/playables/UgkxQ4jB3NKVe_6gs3M2QxV1y5dFKfSqujv_,Brain and puzzle,18 thousand plays,18000,21 Aug 2026
Poker Arena - Texas Hold'em Challenge,https://www.youtube.com/playables/UgkxHSjshzKqpqGm0sCOEbkKot5tV5UuwRJx,Board and card,Texas Hold'em Challenge – 18 thousand plays,18000,21 Aug 2026
Free The Key,https://www.youtube.com/playables/UgkxXsdAIJJaZWaMGKGsVb0hMKi48Ify1JLm,Brain and puzzle,18 thousand plays,18000,19 Aug 2026
Cryptex,https://www.youtube.com/playables/Ugkx_b6PdkquMn1HlxB5RWkX4q_rodoxth7D,Trivia and word,18 thousand plays,18000,17 Aug 2026
Magic Numbers: Neon Merge,https://www.youtube.com/playables/UgkxO2wGIRw2qM6uIMlqsVuiBh3L7rR2rRKH,Brain and puzzle,18 thousand plays,18000,10 Aug 2026
Poker Chip Sort,https://www.youtube.com/playables/UgkxcrR_kVgRahn_WtBhsIjke0Yj2uuciJNs,Brain and puzzle,18 thousand plays,18000,6 Aug 2026
Battleship,https://www.youtube.com/playables/Ugkx4ryhc0ZG_jUiAYtKM7e5AHb7GZmq6gLb,Board and card,17 thousand plays,17000,21 Aug 2026
Capybara Jam,https://www.youtube.com/playables/Ugkxmbwju2Cj6i7BNW61FwuNuEHrmTOc6V53,Brain and puzzle,17 thousand plays,17000,21 Aug 2026
Triple Tap 3D,https://www.youtube.com/playables/UgkxuvdCzUCH7Iv4VpOJv4DhrcXYFWbYc7WR,Brain and puzzle,17 thousand plays,17000,19 Aug 2026
Yummy Trails,https://www.youtube.com/playables/Ugkx1oqfmhhxiMEqPaCFyHZuGgew8WL1Z5GH,Brain and puzzle,17 thousand plays,17000,17 Aug 2026
2048 Fruit Crush,https://www.youtube.com/playables/UgkxT0TxP5RemG0NS-MbvkDBQPECu3k6Kzk6,Brain and puzzle,17 thousand plays,17000,12 Aug 2026
Stack Trail,https://www.youtube.com/playables/UgkxtEHJi53tayCllBu2wJJupt98pa51cELI,Brain and puzzle,16 thousand plays,16000,20 Aug 2026
Pixel Puzzles,https://www.youtube.com/playables/UgkxWnG1cWVzph6zBV05fo5SNC80-yIi3gDB,Brain and puzzle,16 thousand plays,16000,19 Aug 2026
Hexa Box,https://www.youtube.com/playables/UgkxPlfDqhSZE4s71x1zIVnq4ngLXbV8drpF,Brain and puzzle,16 thousand plays,16000,17 Aug 2026
Words Quest - Crosswords,https://www.youtube.com/playables/UgkxE7_HcaLzkYga430uNxVPuiUPyiGdxHVY,Brain and puzzle,Crosswords – 16 thousand plays,16000,17 Aug 2026
Square Crusher,https://www.youtube.com/playables/Ugkx2roo6YejB4AY3J9oSj6wZHwybS3BKHdi,Arcade,16 thousand plays,16000,5 Aug 2026
Coloruid 2,https://www.youtube.com/playables/Ugkx3V2myhtUwwrf7HdW3Z87lsBsE0hFjPB3,Brain and puzzle,15 thousand plays,15000,21 Aug 2026
Echo Bloom,https://www.youtube.com/playables/UgkxCz-ROepwVtgZV95XhXu5xTzLAoX1LK9U,Brain and puzzle,15 thousand plays,15000,20 Aug 2026
Brick Breaker Blitz,https://www.youtube.com/playables/UgkxuFgqT7Cjbt_vVQovjo1gbWi_rp5UuEZ4,Arcade,15 thousand plays,15000,19 Aug 2026
GEM VAULT,https://www.youtube.com/playables/UgkxYkeGWfucxT4o_P9-cp2YGsdjX2taHEvo,Brain and puzzle,15 thousand plays,15000,17 Aug 2026
2048 Fusion Balls,https://www.youtube.com/playables/Ugkx44Zf6dPHkY6E9Z3MCAvvcLAyWPuzDhpS,Brain and puzzle,15 thousand plays,15000,12 Aug 2026
Puzzle Blast Frenzy,https://www.youtube.com/playables/UgkxgR9VFpxCmT6OErmfYNYsaNQsZ1-q0pfQ,Brain and puzzle,14 thousand plays,14000,22 Aug 2026
29 Card Game: Twenty-Nine,https://www.youtube.com/playables/Ugkx__20uxHJua6y_HuFxHFw9n8wpNyHNf13,Board and card,Nine – 14 thousand plays,14000,21 Aug 2026
Sheep Solitaire,https://www.youtube.com/playables/UgkxXnefOHYJuHvAuQQ9Wves3MX6VDkISHjG,Brain and puzzle,14 thousand plays,14000,10 Aug 2026
Brain Verse,https://www.youtube.com/playables/UgkxhbLmIOgTSYFDrPH_AamCsksFNhY0XlKF,Brain and puzzle,13 thousand plays,13000,19 Aug 2026
Candy Mahjong 3D,https://www.youtube.com/playables/UgkxSi2vES2TLsSWANriHioG2O2sBGP0L1VR,Brain and puzzle,13 thousand plays,13000,17 Aug 2026
Word Craft,https://www.youtube.com/playables/UgkxBDKxWjTa-7ZrZ0m3Whh1YKmFBuxG_Uyl,Trivia and word,11 thousand plays,11000,20 Aug 2026
Bouncy Arrow,https://www.youtube.com/playables/UgkxKkr6KqN9boKOhbQQ3AWSEtIwHkAur8tm,Brain and puzzle,11 thousand plays,11000,13 Aug 2026
Mahjong Chef,https://www.youtube.com/playables/UgkxOr7xaFxfWyPqFZ5cH6pPSWCLZU2vQThi,Brain and puzzle,10 thousand plays,10000,20 Aug 2026
Sandwich Rush,https://www.youtube.com/playables/Ugkx9Hosz6rtCVhKceo2IyHn5pRyoJZ2DPJz,Arcade,7.5 thousand plays,7500,24 Aug 2026
Futuristic Cars vs Trains,https://www.youtube.com/playables/UgkxDJILw_PUGZvWLeYNxe_nsM93dz5CTfJn,Racing,4.9 thousand plays,4900,24 Aug 2026
Sudoku Classic Game,https://www.youtube.com/playables/UgkxDw9h2bE07Bb9QXnQfRqqcGxP_xROOuO3,Brain and puzzle,1.6 thousand plays,1600,24 Aug 2026
Ball Eating Classic,https://www.youtube.com/playables/UgkxtqLMre1LB9QSFmc04P-gD8dtMULbsOe3,Action,1.4 thousand plays,1400,24 Aug 2026
Checkers Evolved,https://www.youtube.com/playables/UgkxMyXvjtXC-vx0yUyJFrMvKEC86T3uCf3w,Board and card,990 plays,990,24 Aug 2026
Arrows: Picture Puzzle,https://www.youtube.com/playables/UgkxezmBwpKUG50ypts0gI7sRuEro8-gSXHV,Brain and puzzle,843 plays,843,24 Aug 2026
Echo Loop,https://www.youtube.com/playables/UgkxyuvvlrRv_SCkg8d5EOtHoCWS3fzTSm5Z,Arcade,791 plays,791,24 Aug 2026
Fuzzy Flight,https://www.youtube.com/playables/UgkxkjnjIYwyXIS2fDf9YmUMaMl72dpV3ZgE,Arcade,397 plays,397,24 Aug 2026
Sort Nuts,https://www.youtube.com/playables/Ugkx31uiIcdUm9Lw7idyBRhtehd_vQ8YZukL,Brain and puzzle,288 plays,288,24 Aug 2026
and Again,https://www.youtube.com/playables/UgkxI3YL0kjTd7KX2Rr2HMwD_xdB2YRQzJvC,Brain and puzzle,149 plays,149,24 Aug 2026
Coin Surge,https://www.youtube.com/playables/Ugkx5GcBfhPiT-JKhHXzBR8PCHRPvrUs3yge,Arcade,123 plays,123,24 Aug 2026
6-7-1 Valentine's Hot Ground,https://www.youtube.com/playables/UgkxI2pGzIRiJZ8gBBEKd_CZuZsBp6gX3Tvy,Simulation,7-1 Valentine's Hot Ground – 272 thousand plays,7,17 Mar 2026
Heroes of the Dungeons: Match-3 RPG,https://www.youtube.com/playables/UgkxtQnGp3sZiHRedYTXkV5wO8yckujZS5hR,Brain and puzzle,3 RPG – 23 thousand plays,3,21 Aug 2026
Cubo – Minimalist 3D Retro Arcade Game,https://www.youtube.com/playables/UgkxwdxvGmkjmBpGK6OwG2TKS6Qnr0RKtiqt,Arcade,Minimalist 3D Retro Arcade Game – 53 thousand plays,3,17 Aug 2026
Construction Set - 3D Builder,https://www.youtube.com/playables/UgkxHJ1jIl_O8U1uQScU_DU1P4muf6sEXdL3,Brain and puzzle,3D Builder – 1.3 million plays,3,3 Mar 2026
highway-patrol_judgment-shiftv2,https://www.youtube.com/playables/UgkxHxjsNWvHWWAtoFC_oNu-dNJ1zbL1xiBx,Simulation,patrol_judgment-shiftv2 – 197 thousand plays,2,9 Feb 2026